timestamp,time,mac_address,rssi,tx_power,pos_x,pos_y,pos_z
1783327339685,2026-07-06 10:42:19.685,C3:00:00:63:4C:D2,-57,127,2.5,5.0,1.5
1783327339837,2026-07-06 10:42:19.837,C3:00:00:63:4C:D2,-61,127,2.5,5.0,1.5
1783327339972,2026-07-06 10:42:19.972,C3:00:00:63:4C:D2,-60,127,2.5,5.0,1.5
1783327339980,2026-07-06 10:42:19.980,C3:00:00:63:4C:D2,-57,127,2.5,5.0,1.5
1783327339993,2026-07-06 10:42:19.993,C3:00:00:63:4C:D2,-59,127,2.5,5.0,1.5
1783327340035,2026-07-06 10:42:20.035,C3:00:00:63:4C:D2,-57,127,2.5,5.0,1.5
1783327340057,2026-07-06 10:42:20.057,C3:00:00:63:4C:D2,-58,127,2.5,5.0,1.5
1783327340166,2026-07-06 10:42:20.166,C3:00:00:63:4C:D2,-55,127,2.5,5.0,1.5
1783327340272,2026-07-06 10:42:20.272,C3:00:00:63:4C:D2,-59,127,2.5,5.0,1.5
1783327340325,2026-07-06 10:42:20.325,C3:00:00:63:4C:D2,-60,127,2.5,5.0,1.5
1783327340369,2026-07-06 10:42:20.369,C3:00:00:63:4C:D2,-56,127,2.5,5.0,1.5
1783327340479,2026-07-06 10:42:20.479,C3:00:00:63:4C:D2,-56,127,2.5,5.0,1.5
1783327340702,2026-07-06 10:42:20.702,C3:00:00:63:4C:D2,-55,127,2.5,5.0,1.5
1783327340802,2026-07-06 10:42:20.802,C3:00:00:63:4C:D2,-59,127,2.5,5.0,1.5
1783327340902,2026-07-06 10:42:20.902,C3:00:00:63:4C:D2,-60,127,2.5,5.0,1.5
1783327340927,2026-07-06 10:42:20.927,C3:00:00:63:4C:D2,-59,127,2.5,5.0,1.5
1783327341016,2026-07-06 10:42:21.016,C3:00:00:63:4C:D2,-57,127,2.5,5.0,1.5
1783327341115,2026-07-06 10:42:21.115,C3:00:00:63:4C:D2,-55,127,2.5,5.0,1.5
1783327341436,2026-07-06 10:42:21.436,C3:00:00:63:4C:D2,-57,127,2.5,5.0,1.5
1783327341538,2026-07-06 10:42:21.538,C3:00:00:63:4C:D2,-59,127,2.5,5.0,1.5
1783327341648,2026-07-06 10:42:21.648,C3:00:00:63:4C:D2,-56,127,2.5,5.0,1.5
1783327341777,2026-07-06 10:42:21.777,C3:00:00:63:4C:D2,-56,127,2.5,5.0,1.5
1783327341863,2026-07-06 10:42:21.863,C3:00:00:63:4C:D2,-56,127,2.5,5.0,1.5
1783327341969,2026-07-06 10:42:21.969,C3:00:00:63:4C:D2,-58,127,2.5,5.0,1.5
1783327342077,2026-07-06 10:42:22.077,C3:00:00:63:4C:D2,-57,127,2.5,5.0,1.5
1783327342184,2026-07-06 10:42:22.184,C3:00:00:63:4C:D2,-57,127,2.5,5.0,1.5
1783327342286,2026-07-06 10:42:22.286,C3:00:00:63:4C:D2,-59,127,2.5,5.0,1.5
1783327342332,2026-07-06 10:42:22.332,C3:00:00:63:4C:D2,-58,127,2.5,5.0,1.5
1783327342396,2026-07-06 10:42:22.396,C3:00:00:63:4C:D2,-57,127,2.5,5.0,1.5
1783327342497,2026-07-06 10:42:22.497,C3:00:00:63:4C:D2,-56,127,2.5,5.0,1.5
1783327342710,2026-07-06 10:42:22.710,C3:00:00:63:4C:D2,-61,127,2.5,5.0,1.5
1783327342815,2026-07-06 10:42:22.815,C3:00:00:63:4C:D2,-58,127,2.5,5.0,1.5
1783327343026,2026-07-06 10:42:23.026,C3:00:00:63:4C:D2,-59,127,2.5,5.0,1.5
1783327343243,2026-07-06 10:42:23.243,C3:00:00:63:4C:D2,-65,127,2.5,5.0,1.5
1783327343341,2026-07-06 10:42:23.341,C3:00:00:63:4C:D2,-63,127,2.5,5.0,1.5
1783327343449,2026-07-06 10:42:23.449,C3:00:00:63:4C:D2,-57,127,2.5,5.0,1.5
1783327343663,2026-07-06 10:42:23.663,C3:00:00:63:4C:D2,-60,127,2.5,5.0,1.5
1783327343758,2026-07-06 10:42:23.758,C3:00:00:63:4C:D2,-59,127,2.5,5.0,1.5
1783327343977,2026-07-06 10:42:23.977,C3:00:00:63:4C:D2,-58,127,2.5,5.0,1.5
1783327344085,2026-07-06 10:42:24.085,C3:00:00:63:4C:D2,-58,127,2.5,5.0,1.5
1783327344200,2026-07-06 10:42:24.200,C3:00:00:63:4C:D2,-69,127,2.5,5.0,1.5
1783327344295,2026-07-06 10:42:24.295,C3:00:00:63:4C:D2,-59,127,2.5,5.0,1.5
1783327344349,2026-07-06 10:42:24.349,C3:00:00:63:4C:D2,-58,127,2.5,5.0,1.5
1783327344404,2026-07-06 10:42:24.404,C3:00:00:63:4C:D2,-60,127,2.5,5.0,1.5
1783327344611,2026-07-06 10:42:24.611,C3:00:00:63:4C:D2,-54,127,2.5,5.0,1.5
1783327345050,2026-07-06 10:42:25.050,C3:00:00:63:4C:D2,-61,127,2.5,5.0,1.5
1783327345365,2026-07-06 10:42:25.365,C3:00:00:63:4C:D2,-56,127,2.5,5.0,1.5
1783327345468,2026-07-06 10:42:25.468,C3:00:00:63:4C:D2,-56,127,2.5,5.0,1.5
1783327345535,2026-07-06 10:42:25.535,C3:00:00:63:4C:D2,-63,127,2.5,5.0,1.5
1783327345574,2026-07-06 10:42:25.574,C3:00:00:63:4C:D2,-58,127,2.5,5.0,1.5
1783327345767,2026-07-06 10:42:25.767,C3:00:00:63:4C:D2,-61,127,2.5,5.0,1.5
1783327345796,2026-07-06 10:42:25.796,C3:00:00:63:4C:D2,-59,127,2.5,5.0,1.5
1783327345888,2026-07-06 10:42:25.888,C3:00:00:63:4C:D2,-58,127,2.5,5.0,1.5
1783327345998,2026-07-06 10:42:25.998,C3:00:00:63:4C:D2,-56,127,2.5,5.0,1.5
1783327346209,2026-07-06 10:42:26.209,C3:00:00:63:4C:D2,-60,127,2.5,5.0,1.5
1783327346323,2026-07-06 10:42:26.323,C3:00:00:63:4C:D2,-60,127,2.5,5.0,1.5
1783327346362,2026-07-06 10:42:26.362,C3:00:00:63:4C:D2,-58,127,2.5,5.0,1.5
1783327346427,2026-07-06 10:42:26.427,C3:00:00:63:4C:D2,-56,127,2.5,5.0,1.5
1783327346521,2026-07-06 10:42:26.521,C3:00:00:63:4C:D2,-64,127,2.5,5.0,1.5
1783327346846,2026-07-06 10:42:26.846,C3:00:00:63:4C:D2,-62,127,2.5,5.0,1.5
1783327347160,2026-07-06 10:42:27.160,C3:00:00:63:4C:D2,-59,127,2.5,5.0,1.5
1783327347270,2026-07-06 10:42:27.270,C3:00:00:63:4C:D2,-56,127,2.5,5.0,1.5
1783327347387,2026-07-06 10:42:27.387,C3:00:00:63:4C:D2,-59,127,2.5,5.0,1.5
1783327347481,2026-07-06 10:42:27.481,C3:00:00:63:4C:D2,-56,127,2.5,5.0,1.5
1783327347584,2026-07-06 10:42:27.584,C3:00:00:63:4C:D2,-56,127,2.5,5.0,1.5
1783327347777,2026-07-06 10:42:27.777,C3:00:00:63:4C:D2,-60,127,2.5,5.0,1.5
1783327347900,2026-07-06 10:42:27.900,C3:00:00:63:4C:D2,-55,127,2.5,5.0,1.5
1783327348010,2026-07-06 10:42:28.010,C3:00:00:63:4C:D2,-60,127,2.5,5.0,1.5
1783327348217,2026-07-06 10:42:28.217,C3:00:00:63:4C:D2,-55,127,2.5,5.0,1.5
1783327348328,2026-07-06 10:42:28.328,C3:00:00:63:4C:D2,-56,127,2.5,5.0,1.5
1783327348437,2026-07-06 10:42:28.437,C3:00:00:63:4C:D2,-60,127,2.5,5.0,1.5
1783327348752,2026-07-06 10:42:28.752,C3:00:00:63:4C:D2,-55,127,2.5,5.0,1.5
1783327348860,2026-07-06 10:42:28.860,C3:00:00:63:4C:D2,-59,127,2.5,5.0,1.5
1783327348918,2026-07-06 10:42:28.918,C3:00:00:63:4C:D2,-58,127,2.5,5.0,1.5
1783327348967,2026-07-06 10:42:28.967,C3:00:00:63:4C:D2,-56,127,2.5,5.0,1.5
1783327349174,2026-07-06 10:42:29.174,C3:00:00:63:4C:D2,-60,127,2.5,5.0,1.5
1783327349290,2026-07-06 10:42:29.290,C3:00:00:63:4C:D2,-58,127,2.5,5.0,1.5
1783327349503,2026-07-06 10:42:29.503,C3:00:00:63:4C:D2,-64,127,2.5,5.0,1.5
1783327349536,2026-07-06 10:42:29.536,C3:00:00:63:4C:D2,-68,127,2.5,5.0,1.5
1783327349605,2026-07-06 10:42:29.605,C3:00:00:63:4C:D2,-60,127,2.5,5.0,1.5
1783327349709,2026-07-06 10:42:29.709,C3:00:00:63:4C:D2,-58,127,2.5,5.0,1.5
1783327349787,2026-07-06 10:42:29.787,C3:00:00:63:4C:D2,-80,127,2.5,5.0,1.5
1783327349818,2026-07-06 10:42:29.818,C3:00:00:63:4C:D2,-68,127,2.5,5.0,1.5
1783327350020,2026-07-06 10:42:30.020,C3:00:00:63:4C:D2,-62,127,2.5,5.0,1.5
1783327350127,2026-07-06 10:42:30.127,C3:00:00:63:4C:D2,-61,127,2.5,5.0,1.5
1783327350341,2026-07-06 10:42:30.341,C3:00:00:63:4C:D2,-60,127,2.5,5.0,1.5
1783327350397,2026-07-06 10:42:30.397,C3:00:00:63:4C:D2,-63,127,2.5,5.0,1.5
1783327350446,2026-07-06 10:42:30.446,C3:00:00:63:4C:D2,-62,127,2.5,5.0,1.5
1783327350667,2026-07-06 10:42:30.667,C3:00:00:63:4C:D2,-62,127,2.5,5.0,1.5
1783327350772,2026-07-06 10:42:30.772,C3:00:00:63:4C:D2,-61,127,2.5,5.0,1.5
1783327350872,2026-07-06 10:42:30.872,C3:00:00:63:4C:D2,-58,127,2.5,5.0,1.5
1783327350983,2026-07-06 10:42:30.983,C3:00:00:63:4C:D2,-60,127,2.5,5.0,1.5
1783327351089,2026-07-06 10:42:31.089,C3:00:00:63:4C:D2,-62,127,2.5,5.0,1.5
1783327351194,2026-07-06 10:42:31.194,C3:00:00:63:4C:D2,-57,127,2.5,5.0,1.5
1783327351297,2026-07-06 10:42:31.297,C3:00:00:63:4C:D2,-60,127,2.5,5.0,1.5
1783327351508,2026-07-06 10:42:31.508,C3:00:00:63:4C:D2,-60,127,2.5,5.0,1.5
1783327351617,2026-07-06 10:42:31.617,C3:00:00:63:4C:D2,-62,127,2.5,5.0,1.5
1783327351726,2026-07-06 10:42:31.726,C3:00:00:63:4C:D2,-60,127,2.5,5.0,1.5
1783327351826,2026-07-06 10:42:31.826,C3:00:00:63:4C:D2,-59,127,2.5,5.0,1.5
1783327351931,2026-07-06 10:42:31.931,C3:00:00:63:4C:D2,-60,127,2.5,5.0,1.5
1783327352144,2026-07-06 10:42:32.144,C3:00:00:63:4C:D2,-58,127,2.5,5.0,1.5
1783327352249,2026-07-06 10:42:32.249,C3:00:00:63:4C:D2,-60,127,2.5,5.0,1.5
1783327352408,2026-07-06 10:42:32.408,C3:00:00:63:4C:D2,-57,127,2.5,5.0,1.5
1783327352463,2026-07-06 10:42:32.463,C3:00:00:63:4C:D2,-56,127,2.5,5.0,1.5
1783327352571,2026-07-06 10:42:32.571,C3:00:00:63:4C:D2,-58,127,2.5,5.0,1.5
1783327352889,2026-07-06 10:42:32.889,C3:00:00:63:4C:D2,-69,127,2.5,5.0,1.5
1783327352917,2026-07-06 10:42:32.917,C3:00:00:63:4C:D2,-66,127,2.5,5.0,1.5
1783327353208,2026-07-06 10:42:33.208,C3:00:00:63:4C:D2,-61,127,2.5,5.0,1.5
1783327353314,2026-07-06 10:42:33.314,C3:00:00:63:4C:D2,-58,127,2.5,5.0,1.5
1783327353419,2026-07-06 10:42:33.419,C3:00:00:63:4C:D2,-63,127,2.5,5.0,1.5
1783327353520,2026-07-06 10:42:33.520,C3:00:00:63:4C:D2,-57,127,2.5,5.0,1.5
1783327353545,2026-07-06 10:42:33.545,C3:00:00:63:4C:D2,-65,127,2.5,5.0,1.5
1783327353630,2026-07-06 10:42:33.630,C3:00:00:63:4C:D2,-55,127,2.5,5.0,1.5
1783327353788,2026-07-06 10:42:33.788,C3:00:00:63:4C:D2,-60,127,2.5,5.0,1.5
1783327353841,2026-07-06 10:42:33.841,C3:00:00:63:4C:D2,-59,127,2.5,5.0,1.5
1783327354056,2026-07-06 10:42:34.056,C3:00:00:63:4C:D2,-58,127,2.5,5.0,1.5
1783327354160,2026-07-06 10:42:34.160,C3:00:00:63:4C:D2,-57,127,2.5,5.0,1.5
1783327354266,2026-07-06 10:42:34.266,C3:00:00:63:4C:D2,-60,127,2.5,5.0,1.5
1783327354377,2026-07-06 10:42:34.377,C3:00:00:63:4C:D2,-60,127,2.5,5.0,1.5
1783327354421,2026-07-06 10:42:34.421,C3:00:00:63:4C:D2,-60,127,2.5,5.0,1.5
1783327354480,2026-07-06 10:42:34.480,C3:00:00:63:4C:D2,-55,127,2.5,5.0,1.5
1783327354581,2026-07-06 10:42:34.581,C3:00:00:63:4C:D2,-57,127,2.5,5.0,1.5
1783327354694,2026-07-06 10:42:34.694,C3:00:00:63:4C:D2,-59,127,2.5,5.0,1.5
1783327354790,2026-07-06 10:42:34.790,C3:00:00:63:4C:D2,-57,127,2.5,5.0,1.5
1783327355326,2026-07-06 10:42:35.326,C3:00:00:63:4C:D2,-58,127,2.5,5.0,1.5
1783327355437,2026-07-06 10:42:35.437,C3:00:00:63:4C:D2,-56,127,2.5,5.0,1.5
1783327355746,2026-07-06 10:42:35.746,C3:00:00:63:4C:D2,-58,127,2.5,5.0,1.5
1783327355860,2026-07-06 10:42:35.860,C3:00:00:63:4C:D2,-57,127,2.5,5.0,1.5
1783327355972,2026-07-06 10:42:35.972,C3:00:00:63:4C:D2,-58,127,2.5,5.0,1.5
1783327356178,2026-07-06 10:42:36.178,C3:00:00:63:4C:D2,-60,127,2.5,5.0,1.5
1783327356282,2026-07-06 10:42:36.282,C3:00:00:63:4C:D2,-58,127,2.5,5.0,1.5
1783327356385,2026-07-06 10:42:36.385,C3:00:00:63:4C:D2,-58,127,2.5,5.0,1.5
1783327356446,2026-07-06 10:42:36.446,C3:00:00:63:4C:D2,-59,127,2.5,5.0,1.5
1783327356494,2026-07-06 10:42:36.494,C3:00:00:63:4C:D2,-62,127,2.5,5.0,1.5
1783327356940,2026-07-06 10:42:36.940,C3:00:00:63:4C:D2,-58,127,2.5,5.0,1.5
1783327357025,2026-07-06 10:42:37.025,C3:00:00:63:4C:D2,-59,127,2.5,5.0,1.5
1783327357132,2026-07-06 10:42:37.132,C3:00:00:63:4C:D2,-60,127,2.5,5.0,1.5
1783327357451,2026-07-06 10:42:37.451,C3:00:00:63:4C:D2,-62,127,2.5,5.0,1.5
1783327357549,2026-07-06 10:42:37.549,C3:00:00:63:4C:D2,-58,127,2.5,5.0,1.5
1783327357576,2026-07-06 10:42:37.576,C3:00:00:63:4C:D2,-65,127,2.5,5.0,1.5
1783327357661,2026-07-06 10:42:37.661,C3:00:00:63:4C:D2,-58,127,2.5,5.0,1.5
1783327357881,2026-07-06 10:42:37.881,C3:00:00:63:4C:D2,-62,127,2.5,5.0,1.5
1783327357977,2026-07-06 10:42:37.977,C3:00:00:63:4C:D2,-59,127,2.5,5.0,1.5
1783327358085,2026-07-06 10:42:38.085,C3:00:00:63:4C:D2,-56,127,2.5,5.0,1.5
1783327358399,2026-07-06 10:42:38.399,C3:00:00:63:4C:D2,-57,127,2.5,5.0,1.5
1783327358458,2026-07-06 10:42:38.458,C3:00:00:63:4C:D2,-58,127,2.5,5.0,1.5
1783327358505,2026-07-06 10:42:38.505,C3:00:00:63:4C:D2,-56,127,2.5,5.0,1.5
1783327358732,2026-07-06 10:42:38.732,C3:00:00:63:4C:D2,-58,127,2.5,5.0,1.5
1783327358934,2026-07-06 10:42:38.934,C3:00:00:63:4C:D2,-56,127,2.5,5.0,1.5
1783327359039,2026-07-06 10:42:39.039,C3:00:00:63:4C:D2,-56,127,2.5,5.0,1.5
1783327359145,2026-07-06 10:42:39.145,C3:00:00:63:4C:D2,-57,127,2.5,5.0,1.5
1783327359364,2026-07-06 10:42:39.364,C3:00:00:63:4C:D2,-57,127,2.5,5.0,1.5
1783327359465,2026-07-06 10:42:39.465,C3:00:00:63:4C:D2,-60,127,2.5,5.0,1.5
1783327359568,2026-07-06 10:42:39.568,C3:00:00:63:4C:D2,-58,127,2.5,5.0,1.5
1783327359678,2026-07-06 10:42:39.678,C3:00:00:63:4C:D2,-63,127,2.5,5.0,1.5
1783327359783,2026-07-06 10:42:39.783,C3:00:00:63:4C:D2,-60,127,2.5,5.0,1.5
1783327359808,2026-07-06 10:42:39.808,C3:00:00:63:4C:D2,-60,127,2.5,5.0,1.5
1783327359888,2026-07-06 10:42:39.888,C3:00:00:63:4C:D2,-55,127,2.5,5.0,1.5
1783327360100,2026-07-06 10:42:40.100,C3:00:00:63:4C:D2,-60,127,2.5,5.0,1.5
1783327360213,2026-07-06 10:42:40.213,C3:00:00:63:4C:D2,-57,127,2.5,5.0,1.5
1783327360418,2026-07-06 10:42:40.418,C3:00:00:63:4C:D2,-54,127,2.5,5.0,1.5
1783327360472,2026-07-06 10:42:40.472,C3:00:00:63:4C:D2,-58,127,2.5,5.0,1.5
1783327360522,2026-07-06 10:42:40.522,C3:00:00:63:4C:D2,-58,127,2.5,5.0,1.5
1783327360630,2026-07-06 10:42:40.630,C3:00:00:63:4C:D2,-60,127,2.5,5.0,1.5
1783327360939,2026-07-06 10:42:40.939,C3:00:00:63:4C:D2,-57,127,2.5,5.0,1.5
1783327360954,2026-07-06 10:42:40.954,C3:00:00:63:4C:D2,-56,127,2.5,5.0,1.5
1783327361054,2026-07-06 10:42:41.054,C3:00:00:63:4C:D2,-56,127,2.5,5.0,1.5
1783327361273,2026-07-06 10:42:41.273,C3:00:00:63:4C:D2,-59,127,2.5,5.0,1.5
1783327361372,2026-07-06 10:42:41.372,C3:00:00:63:4C:D2,-56,127,2.5,5.0,1.5
1783327361480,2026-07-06 10:42:41.480,C3:00:00:63:4C:D2,-66,127,2.5,5.0,1.5
1783327361592,2026-07-06 10:42:41.592,C3:00:00:63:4C:D2,-63,127,2.5,5.0,1.5
1783327361688,2026-07-06 10:42:41.688,C3:00:00:63:4C:D2,-58,127,2.5,5.0,1.5
1783327361822,2026-07-06 10:42:41.822,C3:00:00:63:4C:D2,-64,127,2.5,5.0,1.5
1783327362011,2026-07-06 10:42:42.011,C3:00:00:63:4C:D2,-58,127,2.5,5.0,1.5
1783327362110,2026-07-06 10:42:42.110,C3:00:00:63:4C:D2,-63,127,2.5,5.0,1.5
1783327362220,2026-07-06 10:42:42.220,C3:00:00:63:4C:D2,-58,127,2.5,5.0,1.5
1783327362332,2026-07-06 10:42:42.332,C3:00:00:63:4C:D2,-58,127,2.5,5.0,1.5
1783327362425,2026-07-06 10:42:42.425,C3:00:00:63:4C:D2,-68,127,2.5,5.0,1.5
1783327362483,2026-07-06 10:42:42.483,C3:00:00:63:4C:D2,-62,127,2.5,5.0,1.5
1783327362538,2026-07-06 10:42:42.538,C3:00:00:63:4C:D2,-65,127,2.5,5.0,1.5
1783327362641,2026-07-06 10:42:42.641,C3:00:00:63:4C:D2,-60,127,2.5,5.0,1.5
1783327362749,2026-07-06 10:42:42.749,C3:00:00:63:4C:D2,-65,127,2.5,5.0,1.5
1783327362854,2026-07-06 10:42:42.854,C3:00:00:63:4C:D2,-68,127,2.5,5.0,1.5
1783327362965,2026-07-06 10:42:42.965,C3:00:00:63:4C:D2,-67,127,2.5,5.0,1.5
1783327363069,2026-07-06 10:42:43.069,C3:00:00:63:4C:D2,-59,127,2.5,5.0,1.5
1783327363171,2026-07-06 10:42:43.171,C3:00:00:63:4C:D2,-60,127,2.5,5.0,1.5
1783327363288,2026-07-06 10:42:43.288,C3:00:00:63:4C:D2,-61,127,2.5,5.0,1.5
1783327363389,2026-07-06 10:42:43.389,C3:00:00:63:4C:D2,-56,127,2.5,5.0,1.5
1783327363497,2026-07-06 10:42:43.497,C3:00:00:63:4C:D2,-55,127,2.5,5.0,1.5
1783327363598,2026-07-06 10:42:43.598,C3:00:00:63:4C:D2,-62,127,2.5,5.0,1.5
1783327363705,2026-07-06 10:42:43.705,C3:00:00:63:4C:D2,-55,127,2.5,5.0,1.5
1783327363817,2026-07-06 10:42:43.817,C3:00:00:63:4C:D2,-56,127,2.5,5.0,1.5
1783327363834,2026-07-06 10:42:43.834,C3:00:00:63:4C:D2,-55,127,2.5,5.0,1.5
1783327363926,2026-07-06 10:42:43.926,C3:00:00:63:4C:D2,-60,127,2.5,5.0,1.5
1783327364028,2026-07-06 10:42:44.028,C3:00:00:63:4C:D2,-56,127,2.5,5.0,1.5
1783327364133,2026-07-06 10:42:44.133,C3:00:00:63:4C:D2,-55,127,2.5,5.0,1.5
1783327364448,2026-07-06 10:42:44.448,C3:00:00:63:4C:D2,-58,127,2.5,5.0,1.5
1783327364504,2026-07-06 10:42:44.504,C3:00:00:63:4C:D2,-58,127,2.5,5.0,1.5
1783327364549,2026-07-06 10:42:44.549,C3:00:00:63:4C:D2,-58,127,2.5,5.0,1.5
1783327364772,2026-07-06 10:42:44.772,C3:00:00:63:4C:D2,-58,127,2.5,5.0,1.5
1783327364873,2026-07-06 10:42:44.873,C3:00:00:63:4C:D2,-59,127,2.5,5.0,1.5
1783327365084,2026-07-06 10:42:45.084,C3:00:00:63:4C:D2,-56,127,2.5,5.0,1.5
1783327365187,2026-07-06 10:42:45.187,C3:00:00:63:4C:D2,-59,127,2.5,5.0,1.5
1783327365407,2026-07-06 10:42:45.407,C3:00:00:63:4C:D2,-56,127,2.5,5.0,1.5
1783327365513,2026-07-06 10:42:45.513,C3:00:00:63:4C:D2,-60,127,2.5,5.0,1.5
1783327365575,2026-07-06 10:42:45.575,C3:00:00:63:4C:D2,-66,127,2.5,5.0,1.5
1783327365717,2026-07-06 10:42:45.717,C3:00:00:63:4C:D2,-59,127,2.5,5.0,1.5
1783327365837,2026-07-06 10:42:45.837,C3:00:00:63:4C:D2,-62,127,2.5,5.0,1.5
1783327365851,2026-07-06 10:42:45.851,C3:00:00:63:4C:D2,-62,127,2.5,5.0,1.5
1783327365927,2026-07-06 10:42:45.927,C3:00:00:63:4C:D2,-55,127,2.5,5.0,1.5
1783327366033,2026-07-06 10:42:46.033,C3:00:00:63:4C:D2,-60,127,2.5,5.0,1.5
1783327366155,2026-07-06 10:42:46.155,C3:00:00:63:4C:D2,-61,127,2.5,5.0,1.5
1783327366241,2026-07-06 10:42:46.241,C3:00:00:63:4C:D2,-55,127,2.5,5.0,1.5
1783327366350,2026-07-06 10:42:46.350,C3:00:00:63:4C:D2,-59,127,2.5,5.0,1.5
1783327366575,2026-07-06 10:42:46.575,C3:00:00:63:4C:D2,-58,127,2.5,5.0,1.5
1783327366676,2026-07-06 10:42:46.676,C3:00:00:63:4C:D2,-58,127,2.5,5.0,1.5
1783327366995,2026-07-06 10:42:46.995,C3:00:00:63:4C:D2,-55,127,2.5,5.0,1.5
1783327367100,2026-07-06 10:42:47.100,C3:00:00:63:4C:D2,-56,127,2.5,5.0,1.5
1783327367200,2026-07-06 10:42:47.200,C3:00:00:63:4C:D2,-58,127,2.5,5.0,1.5
1783327367413,2026-07-06 10:42:47.413,C3:00:00:63:4C:D2,-55,127,2.5,5.0,1.5
1783327367526,2026-07-06 10:42:47.526,C3:00:00:63:4C:D2,-58,127,2.5,5.0,1.5
1783327367623,2026-07-06 10:42:47.623,C3:00:00:63:4C:D2,-61,127,2.5,5.0,1.5
1783327367734,2026-07-06 10:42:47.734,C3:00:00:63:4C:D2,-58,127,2.5,5.0,1.5
1783327367833,2026-07-06 10:42:47.833,C3:00:00:63:4C:D2,-61,127,2.5,5.0,1.5
1783327367949,2026-07-06 10:42:47.949,C3:00:00:63:4C:D2,-60,127,2.5,5.0,1.5
1783327368166,2026-07-06 10:42:48.166,C3:00:00:63:4C:D2,-61,127,2.5,5.0,1.5
1783327368270,2026-07-06 10:42:48.270,C3:00:00:63:4C:D2,-56,127,2.5,5.0,1.5
1783327368376,2026-07-06 10:42:48.376,C3:00:00:63:4C:D2,-58,127,2.5,5.0,1.5
1783327368474,2026-07-06 10:42:48.474,C3:00:00:63:4C:D2,-60,127,2.5,5.0,1.5
1783327368536,2026-07-06 10:42:48.536,C3:00:00:63:4C:D2,-65,127,2.5,5.0,1.5
1783327368796,2026-07-06 10:42:48.796,C3:00:00:63:4C:D2,-59,127,2.5,5.0,1.5
1783327368894,2026-07-06 10:42:48.894,C3:00:00:63:4C:D2,-57,127,2.5,5.0,1.5
1783327368937,2026-07-06 10:42:48.937,C3:00:00:63:4C:D2,-58,127,2.5,5.0,1.5
1783327369004,2026-07-06 10:42:49.004,C3:00:00:63:4C:D2,-74,127,2.5,5.0,1.5
1783327369222,2026-07-06 10:42:49.222,C3:00:00:63:4C:D2,-60,127,2.5,5.0,1.5
1783327369428,2026-07-06 10:42:49.428,C3:00:00:63:4C:D2,-75,127,2.5,5.0,1.5
1783327369532,2026-07-06 10:42:49.532,C3:00:00:63:4C:D2,-59,127,2.5,5.0,1.5
1783327369645,2026-07-06 10:42:49.645,C3:00:00:63:4C:D2,-65,127,2.5,5.0,1.5
1783327369746,2026-07-06 10:42:49.746,C3:00:00:63:4C:D2,-63,127,2.5,5.0,1.5
1783327369859,2026-07-06 10:42:49.859,C3:00:00:63:4C:D2,-61,127,2.5,5.0,1.5
1783327369960,2026-07-06 10:42:49.960,C3:00:00:63:4C:D2,-59,127,2.5,5.0,1.5
1783327370061,2026-07-06 10:42:50.061,C3:00:00:63:4C:D2,-55,127,2.5,5.0,1.5
1783327370173,2026-07-06 10:42:50.173,C3:00:00:63:4C:D2,-59,127,2.5,5.0,1.5
1783327370281,2026-07-06 10:42:50.281,C3:00:00:63:4C:D2,-66,127,2.5,5.0,1.5
1783327370388,2026-07-06 10:42:50.388,C3:00:00:63:4C:D2,-60,127,2.5,5.0,1.5
1783327370494,2026-07-06 10:42:50.494,C3:00:00:63:4C:D2,-59,127,2.5,5.0,1.5
1783327370549,2026-07-06 10:42:50.549,C3:00:00:63:4C:D2,-60,127,2.5,5.0,1.5
1783327370703,2026-07-06 10:42:50.703,C3:00:00:63:4C:D2,-55,127,2.5,5.0,1.5
1783327370920,2026-07-06 10:42:50.920,C3:00:00:63:4C:D2,-61,127,2.5,5.0,1.5
1783327371029,2026-07-06 10:42:51.029,C3:00:00:63:4C:D2,-56,127,2.5,5.0,1.5
1783327371133,2026-07-06 10:42:51.133,C3:00:00:63:4C:D2,-64,127,2.5,5.0,1.5
1783327371237,2026-07-06 10:42:51.237,C3:00:00:63:4C:D2,-59,127,2.5,5.0,1.5
1783327371338,2026-07-06 10:42:51.338,C3:00:00:63:4C:D2,-57,127,2.5,5.0,1.5
1783327371547,2026-07-06 10:42:51.547,C3:00:00:63:4C:D2,-58,127,2.5,5.0,1.5
1783327371660,2026-07-06 10:42:51.660,C3:00:00:63:4C:D2,-61,127,2.5,5.0,1.5
1783327371762,2026-07-06 10:42:51.762,C3:00:00:63:4C:D2,-60,127,2.5,5.0,1.5
1783327371853,2026-07-06 10:42:51.853,C3:00:00:63:4C:D2,-57,127,2.5,5.0,1.5
1783327372084,2026-07-06 10:42:52.084,C3:00:00:63:4C:D2,-57,127,2.5,5.0,1.5
1783327372294,2026-07-06 10:42:52.294,C3:00:00:63:4C:D2,-56,127,2.5,5.0,1.5
1783327372399,2026-07-06 10:42:52.399,C3:00:00:63:4C:D2,-58,127,2.5,5.0,1.5
1783327372513,2026-07-06 10:42:52.513,C3:00:00:63:4C:D2,-58,127,2.5,5.0,1.5
1783327372608,2026-07-06 10:42:52.608,C3:00:00:63:4C:D2,-57,127,2.5,5.0,1.5
1783327372818,2026-07-06 10:42:52.818,C3:00:00:63:4C:D2,-59,127,2.5,5.0,1.5
1783327373035,2026-07-06 10:42:53.035,C3:00:00:63:4C:D2,-56,127,2.5,5.0,1.5
1783327373253,2026-07-06 10:42:53.253,C3:00:00:63:4C:D2,-58,127,2.5,5.0,1.5
1783327373455,2026-07-06 10:42:53.455,C3:00:00:63:4C:D2,-57,127,2.5,5.0,1.5
1783327373562,2026-07-06 10:42:53.562,C3:00:00:63:4C:D2,-62,127,2.5,5.0,1.5
1783327373607,2026-07-06 10:42:53.607,C3:00:00:63:4C:D2,-68,127,2.5,5.0,1.5
1783327373675,2026-07-06 10:42:53.675,C3:00:00:63:4C:D2,-57,127,2.5,5.0,1.5
1783327373880,2026-07-06 10:42:53.880,C3:00:00:63:4C:D2,-61,127,2.5,5.0,1.5
1783327373986,2026-07-06 10:42:53.986,C3:00:00:63:4C:D2,-56,127,2.5,5.0,1.5
1783327374411,2026-07-06 10:42:54.411,C3:00:00:63:4C:D2,-58,127,2.5,5.0,1.5
1783327374515,2026-07-06 10:42:54.515,C3:00:00:63:4C:D2,-59,127,2.5,5.0,1.5
1783327374574,2026-07-06 10:42:54.574,C3:00:00:63:4C:D2,-59,127,2.5,5.0,1.5
1783327374625,2026-07-06 10:42:54.625,C3:00:00:63:4C:D2,-58,127,2.5,5.0,1.5
1783327374732,2026-07-06 10:42:54.732,C3:00:00:63:4C:D2,-61,127,2.5,5.0,1.5
1783327374837,2026-07-06 10:42:54.837,C3:00:00:63:4C:D2,-70,127,2.5,5.0,1.5
1783327374945,2026-07-06 10:42:54.945,C3:00:00:63:4C:D2,-59,127,2.5,5.0,1.5
1783327375056,2026-07-06 10:42:55.056,C3:00:00:63:4C:D2,-60,127,2.5,5.0,1.5
1783327375153,2026-07-06 10:42:55.153,C3:00:00:63:4C:D2,-58,127,2.5,5.0,1.5
1783327375260,2026-07-06 10:42:55.260,C3:00:00:63:4C:D2,-60,127,2.5,5.0,1.5
1783327375370,2026-07-06 10:42:55.370,C3:00:00:63:4C:D2,-56,127,2.5,5.0,1.5
1783327375469,2026-07-06 10:42:55.469,C3:00:00:63:4C:D2,-58,127,2.5,5.0,1.5
1783327375786,2026-07-06 10:42:55.786,C3:00:00:63:4C:D2,-58,127,2.5,5.0,1.5
1783327375906,2026-07-06 10:42:55.906,C3:00:00:63:4C:D2,-59,127,2.5,5.0,1.5
1783327376004,2026-07-06 10:42:56.004,C3:00:00:63:4C:D2,-65,127,2.5,5.0,1.5
1783327376117,2026-07-06 10:42:56.117,C3:00:00:63:4C:D2,-58,127,2.5,5.0,1.5
1783327376330,2026-07-06 10:42:56.330,C3:00:00:63:4C:D2,-55,127,2.5,5.0,1.5
1783327376595,2026-07-06 10:42:56.595,C3:00:00:63:4C:D2,-70,127,2.5,5.0,1.5
1783327376849,2026-07-06 10:42:56.849,C3:00:00:63:4C:D2,-61,127,2.5,5.0,1.5
1783327377388,2026-07-06 10:42:57.388,C3:00:00:63:4C:D2,-61,127,2.5,5.0,1.5
1783327377491,2026-07-06 10:42:57.491,C3:00:00:63:4C:D2,-62,127,2.5,5.0,1.5
1783327377703,2026-07-06 10:42:57.703,C3:00:00:63:4C:D2,-66,127,2.5,5.0,1.5
1783327377812,2026-07-06 10:42:57.812,C3:00:00:63:4C:D2,-61,127,2.5,5.0,1.5
1783327378020,2026-07-06 10:42:58.020,C3:00:00:63:4C:D2,-63,127,2.5,5.0,1.5
1783327378230,2026-07-06 10:42:58.230,C3:00:00:63:4C:D2,-56,127,2.5,5.0,1.5
1783327378547,2026-07-06 10:42:58.547,C3:00:00:63:4C:D2,-58,127,2.5,5.0,1.5
1783327378604,2026-07-06 10:42:58.604,C3:00:00:63:4C:D2,-61,127,2.5,5.0,1.5
1783327378661,2026-07-06 10:42:58.661,C3:00:00:63:4C:D2,-63,127,2.5,5.0,1.5
1783327378759,2026-07-06 10:42:58.759,C3:00:00:63:4C:D2,-58,127,2.5,5.0,1.5
1783327378868,2026-07-06 10:42:58.868,C3:00:00:63:4C:D2,-59,127,2.5,5.0,1.5
1783327378973,2026-07-06 10:42:58.973,C3:00:00:63:4C:D2,-61,127,2.5,5.0,1.5
1783327379078,2026-07-06 10:42:59.078,C3:00:00:63:4C:D2,-54,127,2.5,5.0,1.5
1783327379190,2026-07-06 10:42:59.190,C3:00:00:63:4C:D2,-56,127,2.5,5.0,1.5
1783327379293,2026-07-06 10:42:59.293,C3:00:00:63:4C:D2,-57,127,2.5,5.0,1.5
1783327379398,2026-07-06 10:42:59.398,C3:00:00:63:4C:D2,-58,127,2.5,5.0,1.5
1783327379509,2026-07-06 10:42:59.509,C3:00:00:63:4C:D2,-55,127,2.5,5.0,1.5
1783327379611,2026-07-06 10:42:59.611,C3:00:00:63:4C:D2,-60,127,2.5,5.0,1.5
1783327379717,2026-07-06 10:42:59.717,C3:00:00:63:4C:D2,-58,127,2.5,5.0,1.5
1783327379869,2026-07-06 10:42:59.869,C3:00:00:63:4C:D2,-62,127,2.5,5.0,1.5
1783327380026,2026-07-06 10:43:00.026,C3:00:00:63:4C:D2,-58,127,2.5,5.0,1.5
1783327380144,2026-07-06 10:43:00.144,C3:00:00:63:4C:D2,-60,127,2.5,5.0,1.5
1783327380240,2026-07-06 10:43:00.240,C3:00:00:63:4C:D2,-59,127,2.5,5.0,1.5
1783327380558,2026-07-06 10:43:00.558,C3:00:00:63:4C:D2,-55,127,2.5,5.0,1.5
1783327380621,2026-07-06 10:43:00.621,C3:00:00:63:4C:D2,-56,127,2.5,5.0,1.5
1783327380665,2026-07-06 10:43:00.665,C3:00:00:63:4C:D2,-58,127,2.5,5.0,1.5
1783327380772,2026-07-06 10:43:00.772,C3:00:00:63:4C:D2,-60,127,2.5,5.0,1.5
1783327380960,2026-07-06 10:43:00.960,C3:00:00:63:4C:D2,-61,127,2.5,5.0,1.5
1783327380989,2026-07-06 10:43:00.989,C3:00:00:63:4C:D2,-61,127,2.5,5.0,1.5
1783327381099,2026-07-06 10:43:01.099,C3:00:00:63:4C:D2,-60,127,2.5,5.0,1.5
1783327381194,2026-07-06 10:43:01.194,C3:00:00:63:4C:D2,-55,127,2.5,5.0,1.5
1783327381514,2026-07-06 10:43:01.514,C3:00:00:63:4C:D2,-57,127,2.5,5.0,1.5
1783327381624,2026-07-06 10:43:01.624,C3:00:00:63:4C:D2,-58,127,2.5,5.0,1.5
1783327381834,2026-07-06 10:43:01.834,C3:00:00:63:4C:D2,-58,127,2.5,5.0,1.5
1783327381875,2026-07-06 10:43:01.875,C3:00:00:63:4C:D2,-59,127,2.5,5.0,1.5
1783327381941,2026-07-06 10:43:01.941,C3:00:00:63:4C:D2,-56,127,2.5,5.0,1.5
1783327382051,2026-07-06 10:43:02.051,C3:00:00:63:4C:D2,-60,127,2.5,5.0,1.5
1783327382152,2026-07-06 10:43:02.152,C3:00:00:63:4C:D2,-57,127,2.5,5.0,1.5
1783327382258,2026-07-06 10:43:02.258,C3:00:00:63:4C:D2,-60,127,2.5,5.0,1.5
1783327382476,2026-07-06 10:43:02.476,C3:00:00:63:4C:D2,-58,127,2.5,5.0,1.5
1783327382688,2026-07-06 10:43:02.688,C3:00:00:63:4C:D2,-57,127,2.5,5.0,1.5
1783327382793,2026-07-06 10:43:02.793,C3:00:00:63:4C:D2,-57,127,2.5,5.0,1.5
1783327382898,2026-07-06 10:43:02.898,C3:00:00:63:4C:D2,-58,127,2.5,5.0,1.5
1783327383004,2026-07-06 10:43:03.004,C3:00:00:63:4C:D2,-58,127,2.5,5.0,1.5
1783327383226,2026-07-06 10:43:03.226,C3:00:00:63:4C:D2,-60,127,2.5,5.0,1.5
1783327383320,2026-07-06 10:43:03.320,C3:00:00:63:4C:D2,-54,127,2.5,5.0,1.5
1783327383421,2026-07-06 10:43:03.421,C3:00:00:63:4C:D2,-58,127,2.5,5.0,1.5
1783327383537,2026-07-06 10:43:03.537,C3:00:00:63:4C:D2,-61,127,2.5,5.0,1.5
1783327383631,2026-07-06 10:43:03.631,C3:00:00:63:4C:D2,-59,127,2.5,5.0,1.5
1783327383847,2026-07-06 10:43:03.847,C3:00:00:63:4C:D2,-69,127,2.5,5.0,1.5
1783327383899,2026-07-06 10:43:03.899,C3:00:00:63:4C:D2,-63,127,2.5,5.0,1.5
1783327383963,2026-07-06 10:43:03.963,C3:00:00:63:4C:D2,-61,127,2.5,5.0,1.5
1783327384065,2026-07-06 10:43:04.065,C3:00:00:63:4C:D2,-74,127,2.5,5.0,1.5
1783327384174,2026-07-06 10:43:04.174,C3:00:00:63:4C:D2,-63,127,2.5,5.0,1.5
1783327384279,2026-07-06 10:43:04.279,C3:00:00:63:4C:D2,-62,127,2.5,5.0,1.5
1783327384485,2026-07-06 10:43:04.485,C3:00:00:63:4C:D2,-59,127,2.5,5.0,1.5
1783327384595,2026-07-06 10:43:04.595,C3:00:00:63:4C:D2,-68,127,2.5,5.0,1.5
1783327384655,2026-07-06 10:43:04.655,C3:00:00:63:4C:D2,-67,127,2.5,5.0,1.5
1783327384700,2026-07-06 10:43:04.700,C3:00:00:63:4C:D2,-60,127,2.5,5.0,1.5
1783327384804,2026-07-06 10:43:04.804,C3:00:00:63:4C:D2,-62,127,2.5,5.0,1.5
1783327384913,2026-07-06 10:43:04.913,C3:00:00:63:4C:D2,-63,127,2.5,5.0,1.5
1783327384969,2026-07-06 10:43:04.969,C3:00:00:63:4C:D2,-61,127,2.5,5.0,1.5
1783327385013,2026-07-06 10:43:05.013,C3:00:00:63:4C:D2,-59,127,2.5,5.0,1.5
1783327385125,2026-07-06 10:43:05.125,C3:00:00:63:4C:D2,-59,127,2.5,5.0,1.5
1783327385228,2026-07-06 10:43:05.228,C3:00:00:63:4C:D2,-68,127,2.5,5.0,1.5
1783327385342,2026-07-06 10:43:05.342,C3:00:00:63:4C:D2,-64,127,2.5,5.0,1.5
1783327385654,2026-07-06 10:43:05.654,C3:00:00:63:4C:D2,-73,127,2.5,5.0,1.5
1783327385762,2026-07-06 10:43:05.762,C3:00:00:63:4C:D2,-58,127,2.5,5.0,1.5
1783327385870,2026-07-06 10:43:05.870,C3:00:00:63:4C:D2,-69,127,2.5,5.0,1.5
1783327385891,2026-07-06 10:43:05.891,C3:00:00:63:4C:D2,-69,127,2.5,5.0,1.5
1783327386070,2026-07-06 10:43:06.070,C3:00:00:63:4C:D2,-65,127,2.5,5.0,1.5
1783327386189,2026-07-06 10:43:06.189,C3:00:00:63:4C:D2,-63,127,2.5,5.0,1.5
1783327386291,2026-07-06 10:43:06.291,C3:00:00:63:4C:D2,-57,127,2.5,5.0,1.5
1783327386401,2026-07-06 10:43:06.401,C3:00:00:63:4C:D2,-61,127,2.5,5.0,1.5
1783327386495,2026-07-06 10:43:06.495,C3:00:00:63:4C:D2,-65,127,2.5,5.0,1.5
1783327386607,2026-07-06 10:43:06.607,C3:00:00:63:4C:D2,-57,127,2.5,5.0,1.5
1783327386671,2026-07-06 10:43:06.671,C3:00:00:63:4C:D2,-60,127,2.5,5.0,1.5
1783327386708,2026-07-06 10:43:06.708,C3:00:00:63:4C:D2,-61,127,2.5,5.0,1.5
1783327386919,2026-07-06 10:43:06.919,C3:00:00:63:4C:D2,-57,127,2.5,5.0,1.5
1783327387036,2026-07-06 10:43:07.036,C3:00:00:63:4C:D2,-59,127,2.5,5.0,1.5
1783327387560,2026-07-06 10:43:07.560,C3:00:00:63:4C:D2,-55,127,2.5,5.0,1.5
1783327387871,2026-07-06 10:43:07.871,C3:00:00:63:4C:D2,-57,127,2.5,5.0,1.5
1783327387895,2026-07-06 10:43:07.895,C3:00:00:63:4C:D2,-57,127,2.5,5.0,1.5
1783327388198,2026-07-06 10:43:08.198,C3:00:00:63:4C:D2,-61,127,2.5,5.0,1.5
1783327388304,2026-07-06 10:43:08.304,C3:00:00:63:4C:D2,-60,127,2.5,5.0,1.5
1783327388626,2026-07-06 10:43:08.626,C3:00:00:63:4C:D2,-62,127,2.5,5.0,1.5
1783327388681,2026-07-06 10:43:08.681,C3:00:00:63:4C:D2,-56,127,2.5,5.0,1.5
1783327388727,2026-07-06 10:43:08.727,C3:00:00:63:4C:D2,-56,127,2.5,5.0,1.5
1783327388832,2026-07-06 10:43:08.832,C3:00:00:63:4C:D2,-59,127,2.5,5.0,1.5
1783327388978,2026-07-06 10:43:08.978,C3:00:00:63:4C:D2,-58,127,2.5,5.0,1.5
1783327389048,2026-07-06 10:43:09.048,C3:00:00:63:4C:D2,-56,127,2.5,5.0,1.5
1783327389257,2026-07-06 10:43:09.257,C3:00:00:63:4C:D2,-58,127,2.5,5.0,1.5
1783327389472,2026-07-06 10:43:09.472,C3:00:00:63:4C:D2,-62,127,2.5,5.0,1.5
1783327389578,2026-07-06 10:43:09.578,C3:00:00:63:4C:D2,-56,127,2.5,5.0,1.5
1783327389686,2026-07-06 10:43:09.686,C3:00:00:63:4C:D2,-58,127,2.5,5.0,1.5
1783327389890,2026-07-06 10:43:09.890,C3:00:00:63:4C:D2,-56,127,2.5,5.0,1.5
1783327389915,2026-07-06 10:43:09.915,C3:00:00:63:4C:D2,-56,127,2.5,5.0,1.5
1783327389996,2026-07-06 10:43:09.996,C3:00:00:63:4C:D2,-60,127,2.5,5.0,1.5
1783327390097,2026-07-06 10:43:10.097,C3:00:00:63:4C:D2,-62,127,2.5,5.0,1.5
1783327390318,2026-07-06 10:43:10.318,C3:00:00:63:4C:D2,-61,127,2.5,5.0,1.5
1783327390533,2026-07-06 10:43:10.533,C3:00:00:63:4C:D2,-60,127,2.5,5.0,1.5
1783327390638,2026-07-06 10:43:10.638,C3:00:00:63:4C:D2,-60,127,2.5,5.0,1.5
1783327390740,2026-07-06 10:43:10.740,C3:00:00:63:4C:D2,-64,127,2.5,5.0,1.5
1783327390853,2026-07-06 10:43:10.853,C3:00:00:63:4C:D2,-58,127,2.5,5.0,1.5
1783327391058,2026-07-06 10:43:11.058,C3:00:00:63:4C:D2,-57,127,2.5,5.0,1.5
1783327391166,2026-07-06 10:43:11.166,C3:00:00:63:4C:D2,-60,127,2.5,5.0,1.5
1783327391273,2026-07-06 10:43:11.273,C3:00:00:63:4C:D2,-66,127,2.5,5.0,1.5
1783327391372,2026-07-06 10:43:11.372,C3:00:00:63:4C:D2,-55,127,2.5,5.0,1.5
1783327391591,2026-07-06 10:43:11.591,C3:00:00:63:4C:D2,-63,127,2.5,5.0,1.5
1783327391693,2026-07-06 10:43:11.693,C3:00:00:63:4C:D2,-58,127,2.5,5.0,1.5
1783327391799,2026-07-06 10:43:11.799,C3:00:00:63:4C:D2,-66,127,2.5,5.0,1.5
1783327391927,2026-07-06 10:43:11.927,C3:00:00:63:4C:D2,-70,127,2.5,5.0,1.5
1783327392118,2026-07-06 10:43:12.118,C3:00:00:63:4C:D2,-81,127,2.5,5.0,1.5
1783327392328,2026-07-06 10:43:12.328,C3:00:00:63:4C:D2,-56,127,2.5,5.0,1.5
1783327392547,2026-07-06 10:43:12.547,C3:00:00:63:4C:D2,-56,127,2.5,5.0,1.5
1783327392649,2026-07-06 10:43:12.649,C3:00:00:63:4C:D2,-59,127,2.5,5.0,1.5
1783327392865,2026-07-06 10:43:12.865,C3:00:00:63:4C:D2,-58,127,2.5,5.0,1.5
1783327392972,2026-07-06 10:43:12.972,C3:00:00:63:4C:D2,-56,127,2.5,5.0,1.5
1783327392998,2026-07-06 10:43:12.998,C3:00:00:63:4C:D2,-60,127,2.5,5.0,1.5
1783327393073,2026-07-06 10:43:13.073,C3:00:00:63:4C:D2,-54,127,2.5,5.0,1.5
1783327393182,2026-07-06 10:43:13.182,C3:00:00:63:4C:D2,-58,127,2.5,5.0,1.5
1783327393287,2026-07-06 10:43:13.287,C3:00:00:63:4C:D2,-62,127,2.5,5.0,1.5
1783327393386,2026-07-06 10:43:13.386,C3:00:00:63:4C:D2,-56,127,2.5,5.0,1.5
1783327393611,2026-07-06 10:43:13.611,C3:00:00:63:4C:D2,-60,127,2.5,5.0,1.5
1783327393714,2026-07-06 10:43:13.714,C3:00:00:63:4C:D2,-56,127,2.5,5.0,1.5
1783327393813,2026-07-06 10:43:13.813,C3:00:00:63:4C:D2,-58,127,2.5,5.0,1.5
1783327394246,2026-07-06 10:43:14.246,C3:00:00:63:4C:D2,-58,127,2.5,5.0,1.5
1783327394345,2026-07-06 10:43:14.345,C3:00:00:63:4C:D2,-56,127,2.5,5.0,1.5
1783327394726,2026-07-06 10:43:14.726,C3:00:00:63:4C:D2,-59,127,2.5,5.0,1.5
1783327394764,2026-07-06 10:43:14.764,C3:00:00:63:4C:D2,-57,127,2.5,5.0,1.5
1783327394874,2026-07-06 10:43:14.874,C3:00:00:63:4C:D2,-58,127,2.5,5.0,1.5
1783327394980,2026-07-06 10:43:14.980,C3:00:00:63:4C:D2,-57,127,2.5,5.0,1.5
1783327395083,2026-07-06 10:43:15.083,C3:00:00:63:4C:D2,-56,127,2.5,5.0,1.5
1783327395199,2026-07-06 10:43:15.199,C3:00:00:63:4C:D2,-61,127,2.5,5.0,1.5
1783327395305,2026-07-06 10:43:15.305,C3:00:00:63:4C:D2,-57,127,2.5,5.0,1.5
1783327395402,2026-07-06 10:43:15.402,C3:00:00:63:4C:D2,-58,127,2.5,5.0,1.5
1783327395516,2026-07-06 10:43:15.516,C3:00:00:63:4C:D2,-58,127,2.5,5.0,1.5
1783327395620,2026-07-06 10:43:15.620,C3:00:00:63:4C:D2,-56,127,2.5,5.0,1.5
1783327395727,2026-07-06 10:43:15.727,C3:00:00:63:4C:D2,-58,127,2.5,5.0,1.5
1783327395833,2026-07-06 10:43:15.833,C3:00:00:63:4C:D2,-58,127,2.5,5.0,1.5
1783327395915,2026-07-06 10:43:15.915,C3:00:00:63:4C:D2,-58,127,2.5,5.0,1.5
1783327395944,2026-07-06 10:43:15.944,C3:00:00:63:4C:D2,-57,127,2.5,5.0,1.5
1783327396047,2026-07-06 10:43:16.047,C3:00:00:63:4C:D2,-57,127,2.5,5.0,1.5
1783327396146,2026-07-06 10:43:16.146,C3:00:00:63:4C:D2,-55,127,2.5,5.0,1.5
1783327396357,2026-07-06 10:43:16.357,C3:00:00:63:4C:D2,-58,127,2.5,5.0,1.5
1783327396739,2026-07-06 10:43:16.739,C3:00:00:63:4C:D2,-56,127,2.5,5.0,1.5
1783327396891,2026-07-06 10:43:16.891,C3:00:00:63:4C:D2,-58,127,2.5,5.0,1.5
1783327396993,2026-07-06 10:43:16.993,C3:00:00:63:4C:D2,-60,127,2.5,5.0,1.5
1783327397011,2026-07-06 10:43:17.011,C3:00:00:63:4C:D2,-61,127,2.5,5.0,1.5
1783327397213,2026-07-06 10:43:17.213,C3:00:00:63:4C:D2,-60,127,2.5,5.0,1.5
1783327397421,2026-07-06 10:43:17.421,C3:00:00:63:4C:D2,-58,127,2.5,5.0,1.5
1783327397526,2026-07-06 10:43:17.526,C3:00:00:63:4C:D2,-60,127,2.5,5.0,1.5
1783327397665,2026-07-06 10:43:17.665,C3:00:00:63:4C:D2,-65,127,2.5,5.0,1.5
1783327397924,2026-07-06 10:43:17.924,C3:00:00:63:4C:D2,-57,127,2.5,5.0,1.5
1783327397951,2026-07-06 10:43:17.951,C3:00:00:63:4C:D2,-55,127,2.5,5.0,1.5
1783327398060,2026-07-06 10:43:18.060,C3:00:00:63:4C:D2,-61,127,2.5,5.0,1.5
1783327398158,2026-07-06 10:43:18.158,C3:00:00:63:4C:D2,-59,127,2.5,5.0,1.5
1783327398266,2026-07-06 10:43:18.266,C3:00:00:63:4C:D2,-56,127,2.5,5.0,1.5
1783327398377,2026-07-06 10:43:18.377,C3:00:00:63:4C:D2,-59,127,2.5,5.0,1.5
1783327398582,2026-07-06 10:43:18.582,C3:00:00:63:4C:D2,-56,127,2.5,5.0,1.5
1783327398696,2026-07-06 10:43:18.696,C3:00:00:63:4C:D2,-63,127,2.5,5.0,1.5
1783327398803,2026-07-06 10:43:18.803,C3:00:00:63:4C:D2,-61,127,2.5,5.0,1.5
1783327398903,2026-07-06 10:43:18.903,C3:00:00:63:4C:D2,-57,127,2.5,5.0,1.5
1783327399013,2026-07-06 10:43:19.013,C3:00:00:63:4C:D2,-57,127,2.5,5.0,1.5
1783327399116,2026-07-06 10:43:19.116,C3:00:00:63:4C:D2,-56,127,2.5,5.0,1.5
1783327399224,2026-07-06 10:43:19.224,C3:00:00:63:4C:D2,-60,127,2.5,5.0,1.5
1783327399436,2026-07-06 10:43:19.436,C3:00:00:63:4C:D2,-78,127,2.5,5.0,1.5
1783327399549,2026-07-06 10:43:19.549,C3:00:00:63:4C:D2,-58,127,2.5,5.0,1.5
1783327399653,2026-07-06 10:43:19.653,C3:00:00:63:4C:D2,-62,127,2.5,5.0,1.5
1783327399930,2026-07-06 10:43:19.930,C3:00:00:63:4C:D2,-71,127,2.5,5.0,1.5
1783327399961,2026-07-06 10:43:19.961,C3:00:00:63:4C:D2,-66,127,2.5,5.0,1.5
1783327400072,2026-07-06 10:43:20.072,C3:00:00:63:4C:D2,-56,127,2.5,5.0,1.5
1783327400184,2026-07-06 10:43:20.184,C3:00:00:63:4C:D2,-70,127,2.5,5.0,1.5
1783327400774,2026-07-06 10:43:20.774,C3:00:00:63:4C:D2,-60,127,2.5,5.0,1.5
1783327400815,2026-07-06 10:43:20.815,C3:00:00:63:4C:D2,-61,127,2.5,5.0,1.5
1783327400918,2026-07-06 10:43:20.918,C3:00:00:63:4C:D2,-56,127,2.5,5.0,1.5
1783327400993,2026-07-06 10:43:20.993,C3:00:00:63:4C:D2,-58,127,2.5,5.0,1.5
1783327401024,2026-07-06 10:43:21.024,C3:00:00:63:4C:D2,-57,127,2.5,5.0,1.5
1783327401236,2026-07-06 10:43:21.236,C3:00:00:63:4C:D2,-58,127,2.5,5.0,1.5
1783327401449,2026-07-06 10:43:21.449,C3:00:00:63:4C:D2,-60,127,2.5,5.0,1.5
1783327401554,2026-07-06 10:43:21.554,C3:00:00:63:4C:D2,-57,127,2.5,5.0,1.5
1783327401661,2026-07-06 10:43:21.661,C3:00:00:63:4C:D2,-60,127,2.5,5.0,1.5
1783327401678,2026-07-06 10:43:21.678,C3:00:00:63:4C:D2,-67,127,2.5,5.0,1.5
1783327401873,2026-07-06 10:43:21.873,C3:00:00:63:4C:D2,-59,127,2.5,5.0,1.5
1783327401937,2026-07-06 10:43:21.937,C3:00:00:63:4C:D2,-59,127,2.5,5.0,1.5
1783327401977,2026-07-06 10:43:21.977,C3:00:00:63:4C:D2,-68,127,2.5,5.0,1.5
1783327402088,2026-07-06 10:43:22.088,C3:00:00:63:4C:D2,-59,127,2.5,5.0,1.5
1783327402297,2026-07-06 10:43:22.297,C3:00:00:63:4C:D2,-60,127,2.5,5.0,1.5
1783327402509,2026-07-06 10:43:22.509,C3:00:00:63:4C:D2,-58,127,2.5,5.0,1.5
1783327402620,2026-07-06 10:43:22.620,C3:00:00:63:4C:D2,-58,127,2.5,5.0,1.5
1783327402716,2026-07-06 10:43:22.716,C3:00:00:63:4C:D2,-71,127,2.5,5.0,1.5
1783327402790,2026-07-06 10:43:22.790,C3:00:00:63:4C:D2,-56,127,2.5,5.0,1.5
1783327402930,2026-07-06 10:43:22.930,C3:00:00:63:4C:D2,-63,127,2.5,5.0,1.5
1783327403039,2026-07-06 10:43:23.039,C3:00:00:63:4C:D2,-59,127,2.5,5.0,1.5
1783327403143,2026-07-06 10:43:23.143,C3:00:00:63:4C:D2,-58,127,2.5,5.0,1.5
1783327403250,2026-07-06 10:43:23.250,C3:00:00:63:4C:D2,-63,127,2.5,5.0,1.5
1783327403469,2026-07-06 10:43:23.469,C3:00:00:63:4C:D2,-61,127,2.5,5.0,1.5
1783327403568,2026-07-06 10:43:23.568,C3:00:00:63:4C:D2,-76,127,2.5,5.0,1.5
1783327403671,2026-07-06 10:43:23.671,C3:00:00:63:4C:D2,-62,127,2.5,5.0,1.5
1783327403778,2026-07-06 10:43:23.778,C3:00:00:63:4C:D2,-63,127,2.5,5.0,1.5
1783327403940,2026-07-06 10:43:23.940,C3:00:00:63:4C:D2,-65,127,2.5,5.0,1.5
1783327403990,2026-07-06 10:43:23.990,C3:00:00:63:4C:D2,-58,127,2.5,5.0,1.5
1783327404096,2026-07-06 10:43:24.096,C3:00:00:63:4C:D2,-60,127,2.5,5.0,1.5
1783327404206,2026-07-06 10:43:24.206,C3:00:00:63:4C:D2,-58,127,2.5,5.0,1.5
1783327404314,2026-07-06 10:43:24.314,C3:00:00:63:4C:D2,-57,127,2.5,5.0,1.5
1783327404415,2026-07-06 10:43:24.415,C3:00:00:63:4C:D2,-60,127,2.5,5.0,1.5
1783327404528,2026-07-06 10:43:24.528,C3:00:00:63:4C:D2,-59,127,2.5,5.0,1.5
1783327404631,2026-07-06 10:43:24.631,C3:00:00:63:4C:D2,-55,127,2.5,5.0,1.5
1783327404729,2026-07-06 10:43:24.729,C3:00:00:63:4C:D2,-60,127,2.5,5.0,1.5
1783327404803,2026-07-06 10:43:24.803,C3:00:00:63:4C:D2,-56,127,2.5,5.0,1.5
1783327404947,2026-07-06 10:43:24.947,C3:00:00:63:4C:D2,-57,127,2.5,5.0,1.5
1783327404993,2026-07-06 10:43:24.993,C3:00:00:63:4C:D2,-60,127,2.5,5.0,1.5
1783327405055,2026-07-06 10:43:25.055,C3:00:00:63:4C:D2,-58,127,2.5,5.0,1.5
1783327405374,2026-07-06 10:43:25.374,C3:00:00:63:4C:D2,-63,127,2.5,5.0,1.5
1783327405473,2026-07-06 10:43:25.473,C3:00:00:63:4C:D2,-58,127,2.5,5.0,1.5
1783327405594,2026-07-06 10:43:25.594,C3:00:00:63:4C:D2,-56,127,2.5,5.0,1.5
1783327405678,2026-07-06 10:43:25.678,C3:00:00:63:4C:D2,-65,127,2.5,5.0,1.5
1783327405705,2026-07-06 10:43:25.705,C3:00:00:63:4C:D2,-56,127,2.5,5.0,1.5
1783327405943,2026-07-06 10:43:25.943,C3:00:00:63:4C:D2,-60,127,2.5,5.0,1.5
1783327406010,2026-07-06 10:43:26.010,C3:00:00:63:4C:D2,-58,127,2.5,5.0,1.5
1783327406323,2026-07-06 10:43:26.323,C3:00:00:63:4C:D2,-57,127,2.5,5.0,1.5
1783327406424,2026-07-06 10:43:26.424,C3:00:00:63:4C:D2,-55,127,2.5,5.0,1.5
1783327406542,2026-07-06 10:43:26.542,C3:00:00:63:4C:D2,-59,127,2.5,5.0,1.5
1783327406821,2026-07-06 10:43:26.821,C3:00:00:63:4C:D2,-56,127,2.5,5.0,1.5
1783327406854,2026-07-06 10:43:26.854,C3:00:00:63:4C:D2,-55,127,2.5,5.0,1.5
1783327407078,2026-07-06 10:43:27.078,C3:00:00:63:4C:D2,-55,127,2.5,5.0,1.5
1783327407285,2026-07-06 10:43:27.285,C3:00:00:63:4C:D2,-58,127,2.5,5.0,1.5
1783327407388,2026-07-06 10:43:27.388,C3:00:00:63:4C:D2,-58,127,2.5,5.0,1.5
1783327407488,2026-07-06 10:43:27.488,C3:00:00:63:4C:D2,-62,127,2.5,5.0,1.5
1783327407594,2026-07-06 10:43:27.594,C3:00:00:63:4C:D2,-57,127,2.5,5.0,1.5
1783327407809,2026-07-06 10:43:27.809,C3:00:00:63:4C:D2,-60,127,2.5,5.0,1.5
1783327407916,2026-07-06 10:43:27.916,C3:00:00:63:4C:D2,-56,127,2.5,5.0,1.5
1783327408132,2026-07-06 10:43:28.132,C3:00:00:63:4C:D2,-65,127,2.5,5.0,1.5
1783327408235,2026-07-06 10:43:28.235,C3:00:00:63:4C:D2,-57,127,2.5,5.0,1.5
1783327408339,2026-07-06 10:43:28.339,C3:00:00:63:4C:D2,-60,127,2.5,5.0,1.5
1783327408768,2026-07-06 10:43:28.768,C3:00:00:63:4C:D2,-58,127,2.5,5.0,1.5
1783327408836,2026-07-06 10:43:28.836,C3:00:00:63:4C:D2,-60,127,2.5,5.0,1.5
1783327409298,2026-07-06 10:43:29.298,C3:00:00:63:4C:D2,-65,127,2.5,5.0,1.5
1783327409402,2026-07-06 10:43:29.402,C3:00:00:63:4C:D2,-62,127,2.5,5.0,1.5
1783327409506,2026-07-06 10:43:29.506,C3:00:00:63:4C:D2,-64,127,2.5,5.0,1.5
1783327409614,2026-07-06 10:43:29.614,C3:00:00:63:4C:D2,-56,127,2.5,5.0,1.5
1783327409714,2026-07-06 10:43:29.714,C3:00:00:63:4C:D2,-58,127,2.5,5.0,1.5
1783327409829,2026-07-06 10:43:29.829,C3:00:00:63:4C:D2,-62,127,2.5,5.0,1.5
1783327409934,2026-07-06 10:43:29.934,C3:00:00:63:4C:D2,-58,127,2.5,5.0,1.5
1783327409962,2026-07-06 10:43:29.962,C3:00:00:63:4C:D2,-58,127,2.5,5.0,1.5
1783327410041,2026-07-06 10:43:30.041,C3:00:00:63:4C:D2,-58,127,2.5,5.0,1.5
1783327410356,2026-07-06 10:43:30.356,C3:00:00:63:4C:D2,-60,127,2.5,5.0,1.5
1783327410460,2026-07-06 10:43:30.460,C3:00:00:63:4C:D2,-56,127,2.5,5.0,1.5
1783327410569,2026-07-06 10:43:30.569,C3:00:00:63:4C:D2,-57,127,2.5,5.0,1.5
1783327410679,2026-07-06 10:43:30.679,C3:00:00:63:4C:D2,-56,127,2.5,5.0,1.5
1783327410782,2026-07-06 10:43:30.782,C3:00:00:63:4C:D2,-56,127,2.5,5.0,1.5
1783327410856,2026-07-06 10:43:30.856,C3:00:00:63:4C:D2,-60,127,2.5,5.0,1.5
1783327410894,2026-07-06 10:43:30.894,C3:00:00:63:4C:D2,-60,127,2.5,5.0,1.5
1783327410993,2026-07-06 10:43:30.993,C3:00:00:63:4C:D2,-72,127,2.5,5.0,1.5
1783327411318,2026-07-06 10:43:31.318,C3:00:00:63:4C:D2,-68,127,2.5,5.0,1.5
1783327411420,2026-07-06 10:43:31.420,C3:00:00:63:4C:D2,-68,127,2.5,5.0,1.5
1783327411530,2026-07-06 10:43:31.530,C3:00:00:63:4C:D2,-58,127,2.5,5.0,1.5
1783327411622,2026-07-06 10:43:31.622,C3:00:00:63:4C:D2,-66,127,2.5,5.0,1.5
1783327411739,2026-07-06 10:43:31.739,C3:00:00:63:4C:D2,-59,127,2.5,5.0,1.5
1783327411838,2026-07-06 10:43:31.838,C3:00:00:63:4C:D2,-56,127,2.5,5.0,1.5
1783327411965,2026-07-06 10:43:31.965,C3:00:00:63:4C:D2,-61,127,2.5,5.0,1.5
1783327412153,2026-07-06 10:43:32.153,C3:00:00:63:4C:D2,-58,127,2.5,5.0,1.5
1783327412471,2026-07-06 10:43:32.471,C3:00:00:63:4C:D2,-58,127,2.5,5.0,1.5
1783327412578,2026-07-06 10:43:32.578,C3:00:00:63:4C:D2,-55,127,2.5,5.0,1.5
1783327412692,2026-07-06 10:43:32.692,C3:00:00:63:4C:D2,-57,127,2.5,5.0,1.5
1783327412799,2026-07-06 10:43:32.799,C3:00:00:63:4C:D2,-64,127,2.5,5.0,1.5
1783327412870,2026-07-06 10:43:32.870,C3:00:00:63:4C:D2,-57,127,2.5,5.0,1.5
1783327412905,2026-07-06 10:43:32.905,C3:00:00:63:4C:D2,-56,127,2.5,5.0,1.5
1783327412998,2026-07-06 10:43:32.998,C3:00:00:63:4C:D2,-57,127,2.5,5.0,1.5
1783327413023,2026-07-06 10:43:33.023,C3:00:00:63:4C:D2,-58,127,2.5,5.0,1.5
1783327413543,2026-07-06 10:43:33.543,C3:00:00:63:4C:D2,-60,127,2.5,5.0,1.5
1783327413641,2026-07-06 10:43:33.641,C3:00:00:63:4C:D2,-57,127,2.5,5.0,1.5
1783327413697,2026-07-06 10:43:33.697,C3:00:00:63:4C:D2,-66,127,2.5,5.0,1.5
1783327413849,2026-07-06 10:43:33.849,C3:00:00:63:4C:D2,-60,127,2.5,5.0,1.5
1783327413961,2026-07-06 10:43:33.961,C3:00:00:63:4C:D2,-60,127,2.5,5.0,1.5
1783327413982,2026-07-06 10:43:33.982,C3:00:00:63:4C:D2,-60,127,2.5,5.0,1.5
1783327414063,2026-07-06 10:43:34.063,C3:00:00:63:4C:D2,-58,127,2.5,5.0,1.5
1783327414170,2026-07-06 10:43:34.170,C3:00:00:63:4C:D2,-55,127,2.5,5.0,1.5
1783327414274,2026-07-06 10:43:34.274,C3:00:00:63:4C:D2,-57,127,2.5,5.0,1.5
1783327414379,2026-07-06 10:43:34.379,C3:00:00:63:4C:D2,-60,127,2.5,5.0,1.5
1783327414487,2026-07-06 10:43:34.487,C3:00:00:63:4C:D2,-57,127,2.5,5.0,1.5
1783327414596,2026-07-06 10:43:34.596,C3:00:00:63:4C:D2,-56,127,2.5,5.0,1.5
1783327414695,2026-07-06 10:43:34.695,C3:00:00:63:4C:D2,-59,127,2.5,5.0,1.5
1783327414807,2026-07-06 10:43:34.807,C3:00:00:63:4C:D2,-56,127,2.5,5.0,1.5
1783327414876,2026-07-06 10:43:34.876,C3:00:00:63:4C:D2,-58,127,2.5,5.0,1.5
1783327414912,2026-07-06 10:43:34.912,C3:00:00:63:4C:D2,-59,127,2.5,5.0,1.5
1783327415022,2026-07-06 10:43:35.022,C3:00:00:63:4C:D2,-59,127,2.5,5.0,1.5
1783327415227,2026-07-06 10:43:35.227,C3:00:00:63:4C:D2,-60,127,2.5,5.0,1.5
1783327415334,2026-07-06 10:43:35.334,C3:00:00:63:4C:D2,-60,127,2.5,5.0,1.5
1783327415438,2026-07-06 10:43:35.438,C3:00:00:63:4C:D2,-56,127,2.5,5.0,1.5
1783327415550,2026-07-06 10:43:35.550,C3:00:00:63:4C:D2,-58,127,2.5,5.0,1.5
1783327415974,2026-07-06 10:43:35.974,C3:00:00:63:4C:D2,-56,127,2.5,5.0,1.5
1783327416087,2026-07-06 10:43:36.087,C3:00:00:63:4C:D2,-59,127,2.5,5.0,1.5
1783327416190,2026-07-06 10:43:36.190,C3:00:00:63:4C:D2,-60,127,2.5,5.0,1.5
1783327416296,2026-07-06 10:43:36.296,C3:00:00:63:4C:D2,-57,127,2.5,5.0,1.5
1783327416399,2026-07-06 10:43:36.399,C3:00:00:63:4C:D2,-58,127,2.5,5.0,1.5
1783327416820,2026-07-06 10:43:36.820,C3:00:00:63:4C:D2,-60,127,2.5,5.0,1.5
1783327417044,2026-07-06 10:43:37.044,C3:00:00:63:4C:D2,-58,127,2.5,5.0,1.5
1783327417247,2026-07-06 10:43:37.247,C3:00:00:63:4C:D2,-58,127,2.5,5.0,1.5
1783327417356,2026-07-06 10:43:37.356,C3:00:00:63:4C:D2,-59,127,2.5,5.0,1.5
1783327417560,2026-07-06 10:43:37.560,C3:00:00:63:4C:D2,-58,127,2.5,5.0,1.5
1783327417676,2026-07-06 10:43:37.676,C3:00:00:63:4C:D2,-59,127,2.5,5.0,1.5
1783327417772,2026-07-06 10:43:37.772,C3:00:00:63:4C:D2,-57,127,2.5,5.0,1.5
1783327417886,2026-07-06 10:43:37.886,C3:00:00:63:4C:D2,-58,127,2.5,5.0,1.5
1783327418010,2026-07-06 10:43:38.010,C3:00:00:63:4C:D2,-61,127,2.5,5.0,1.5
1783327418091,2026-07-06 10:43:38.091,C3:00:00:63:4C:D2,-57,127,2.5,5.0,1.5
1783327418196,2026-07-06 10:43:38.196,C3:00:00:63:4C:D2,-58,127,2.5,5.0,1.5
1783327418410,2026-07-06 10:43:38.410,C3:00:00:63:4C:D2,-55,127,2.5,5.0,1.5
1783327418625,2026-07-06 10:43:38.625,C3:00:00:63:4C:D2,-60,127,2.5,5.0,1.5
1783327418729,2026-07-06 10:43:38.729,C3:00:00:63:4C:D2,-57,127,2.5,5.0,1.5
1783327418833,2026-07-06 10:43:38.833,C3:00:00:63:4C:D2,-59,127,2.5,5.0,1.5
1783327418915,2026-07-06 10:43:38.915,C3:00:00:63:4C:D2,-61,127,2.5,5.0,1.5
1783327419048,2026-07-06 10:43:39.048,C3:00:00:63:4C:D2,-56,127,2.5,5.0,1.5
1783327419150,2026-07-06 10:43:39.150,C3:00:00:63:4C:D2,-57,127,2.5,5.0,1.5
1783327419368,2026-07-06 10:43:39.368,C3:00:00:63:4C:D2,-56,127,2.5,5.0,1.5
1783327419584,2026-07-06 10:43:39.584,C3:00:00:63:4C:D2,-57,127,2.5,5.0,1.5
1783327419693,2026-07-06 10:43:39.693,C3:00:00:63:4C:D2,-56,127,2.5,5.0,1.5
1783327420019,2026-07-06 10:43:40.019,C3:00:00:63:4C:D2,-59,127,2.5,5.0,1.5
1783327420107,2026-07-06 10:43:40.107,C3:00:00:63:4C:D2,-58,127,2.5,5.0,1.5
1783327420322,2026-07-06 10:43:40.322,C3:00:00:63:4C:D2,-60,127,2.5,5.0,1.5
1783327420427,2026-07-06 10:43:40.427,C3:00:00:63:4C:D2,-60,127,2.5,5.0,1.5
1783327420637,2026-07-06 10:43:40.637,C3:00:00:63:4C:D2,-58,127,2.5,5.0,1.5
1783327420745,2026-07-06 10:43:40.745,C3:00:00:63:4C:D2,-58,127,2.5,5.0,1.5
1783327420922,2026-07-06 10:43:40.922,C3:00:00:63:4C:D2,-60,127,2.5,5.0,1.5
1783327420953,2026-07-06 10:43:40.953,C3:00:00:63:4C:D2,-62,127,2.5,5.0,1.5
1783327421024,2026-07-06 10:43:41.024,C3:00:00:63:4C:D2,-62,127,2.5,5.0,1.5
1783327421065,2026-07-06 10:43:41.065,C3:00:00:63:4C:D2,-58,127,2.5,5.0,1.5
1783327421165,2026-07-06 10:43:41.165,C3:00:00:63:4C:D2,-59,127,2.5,5.0,1.5
1783327421272,2026-07-06 10:43:41.272,C3:00:00:63:4C:D2,-58,127,2.5,5.0,1.5
1783327421381,2026-07-06 10:43:41.381,C3:00:00:63:4C:D2,-56,127,2.5,5.0,1.5
1783327421483,2026-07-06 10:43:41.483,C3:00:00:63:4C:D2,-60,127,2.5,5.0,1.5
1783327421720,2026-07-06 10:43:41.720,C3:00:00:63:4C:D2,-63,127,2.5,5.0,1.5
1783327422124,2026-07-06 10:43:42.124,C3:00:00:63:4C:D2,-61,127,2.5,5.0,1.5
1783327422336,2026-07-06 10:43:42.336,C3:00:00:63:4C:D2,-61,127,2.5,5.0,1.5
1783327422446,2026-07-06 10:43:42.446,C3:00:00:63:4C:D2,-64,127,2.5,5.0,1.5
1783327422545,2026-07-06 10:43:42.545,C3:00:00:63:4C:D2,-59,127,2.5,5.0,1.5
1783327422650,2026-07-06 10:43:42.650,C3:00:00:63:4C:D2,-60,127,2.5,5.0,1.5
1783327422869,2026-07-06 10:43:42.869,C3:00:00:63:4C:D2,-60,127,2.5,5.0,1.5
1783327422974,2026-07-06 10:43:42.974,C3:00:00:63:4C:D2,-56,127,2.5,5.0,1.5
1783327423178,2026-07-06 10:43:43.178,C3:00:00:63:4C:D2,-56,127,2.5,5.0,1.5
1783327423393,2026-07-06 10:43:43.393,C3:00:00:63:4C:D2,-61,127,2.5,5.0,1.5
1783327423502,2026-07-06 10:43:43.502,C3:00:00:63:4C:D2,-63,127,2.5,5.0,1.5
1783327423603,2026-07-06 10:43:43.603,C3:00:00:63:4C:D2,-65,127,2.5,5.0,1.5
1783327423720,2026-07-06 10:43:43.720,C3:00:00:63:4C:D2,-68,127,2.5,5.0,1.5
1783327423924,2026-07-06 10:43:43.924,C3:00:00:63:4C:D2,-80,127,2.5,5.0,1.5
1783327424001,2026-07-06 10:43:44.001,C3:00:00:63:4C:D2,-67,127,2.5,5.0,1.5
1783327424036,2026-07-06 10:43:44.036,C3:00:00:63:4C:D2,-67,127,2.5,5.0,1.5
1783327424133,2026-07-06 10:43:44.133,C3:00:00:63:4C:D2,-58,127,2.5,5.0,1.5
1783327424237,2026-07-06 10:43:44.237,C3:00:00:63:4C:D2,-60,127,2.5,5.0,1.5
1783327424453,2026-07-06 10:43:44.453,C3:00:00:63:4C:D2,-55,127,2.5,5.0,1.5
1783327424565,2026-07-06 10:43:44.565,C3:00:00:63:4C:D2,-58,127,2.5,5.0,1.5
1783327424670,2026-07-06 10:43:44.670,C3:00:00:63:4C:D2,-58,127,2.5,5.0,1.5
1783327424775,2026-07-06 10:43:44.775,C3:00:00:63:4C:D2,-57,127,2.5,5.0,1.5
1783327424986,2026-07-06 10:43:44.986,C3:00:00:63:4C:D2,-60,127,2.5,5.0,1.5
1783327425023,2026-07-06 10:43:45.023,C3:00:00:63:4C:D2,-58,127,2.5,5.0,1.5
1783327425304,2026-07-06 10:43:45.304,C3:00:00:63:4C:D2,-58,127,2.5,5.0,1.5
1783327425415,2026-07-06 10:43:45.415,C3:00:00:63:4C:D2,-56,127,2.5,5.0,1.5
1783327425519,2026-07-06 10:43:45.519,C3:00:00:63:4C:D2,-56,127,2.5,5.0,1.5
1783327425617,2026-07-06 10:43:45.617,C3:00:00:63:4C:D2,-57,127,2.5,5.0,1.5
1783327425732,2026-07-06 10:43:45.732,C3:00:00:63:4C:D2,-76,127,2.5,5.0,1.5
1783327425833,2026-07-06 10:43:45.833,C3:00:00:63:4C:D2,-60,127,2.5,5.0,1.5
1783327425942,2026-07-06 10:43:45.942,C3:00:00:63:4C:D2,-56,127,2.5,5.0,1.5
1783327426004,2026-07-06 10:43:46.004,C3:00:00:63:4C:D2,-62,127,2.5,5.0,1.5
1783327426041,2026-07-06 10:43:46.041,C3:00:00:63:4C:D2,-62,127,2.5,5.0,1.5
1783327426151,2026-07-06 10:43:46.151,C3:00:00:63:4C:D2,-60,127,2.5,5.0,1.5
1783327426261,2026-07-06 10:43:46.261,C3:00:00:63:4C:D2,-60,127,2.5,5.0,1.5
1783327426468,2026-07-06 10:43:46.468,C3:00:00:63:4C:D2,-58,127,2.5,5.0,1.5
1783327426578,2026-07-06 10:43:46.578,C3:00:00:63:4C:D2,-60,127,2.5,5.0,1.5
1783327426683,2026-07-06 10:43:46.683,C3:00:00:63:4C:D2,-61,127,2.5,5.0,1.5
1783327426781,2026-07-06 10:43:46.781,C3:00:00:63:4C:D2,-55,127,2.5,5.0,1.5
1783327426974,2026-07-06 10:43:46.974,C3:00:00:63:4C:D2,-61,127,2.5,5.0,1.5
1783327427107,2026-07-06 10:43:47.107,C3:00:00:63:4C:D2,-56,127,2.5,5.0,1.5
1783327427319,2026-07-06 10:43:47.319,C3:00:00:63:4C:D2,-60,127,2.5,5.0,1.5
1783327427527,2026-07-06 10:43:47.527,C3:00:00:63:4C:D2,-56,127,2.5,5.0,1.5
1783327427639,2026-07-06 10:43:47.639,C3:00:00:63:4C:D2,-61,127,2.5,5.0,1.5
1783327427952,2026-07-06 10:43:47.952,C3:00:00:63:4C:D2,-58,127,2.5,5.0,1.5
1783327428010,2026-07-06 10:43:48.010,C3:00:00:63:4C:D2,-58,127,2.5,5.0,1.5
1783327428060,2026-07-06 10:43:48.060,C3:00:00:63:4C:D2,-57,127,2.5,5.0,1.5
1783327428275,2026-07-06 10:43:48.275,C3:00:00:63:4C:D2,-59,127,2.5,5.0,1.5
1783327428381,2026-07-06 10:43:48.381,C3:00:00:63:4C:D2,-57,127,2.5,5.0,1.5
1783327428485,2026-07-06 10:43:48.485,C3:00:00:63:4C:D2,-59,127,2.5,5.0,1.5
1783327428585,2026-07-06 10:43:48.585,C3:00:00:63:4C:D2,-57,127,2.5,5.0,1.5
1783327428692,2026-07-06 10:43:48.692,C3:00:00:63:4C:D2,-58,127,2.5,5.0,1.5
1783327428803,2026-07-06 10:43:48.803,C3:00:00:63:4C:D2,-61,127,2.5,5.0,1.5
1783327428908,2026-07-06 10:43:48.908,C3:00:00:63:4C:D2,-58,127,2.5,5.0,1.5
1783327428986,2026-07-06 10:43:48.986,C3:00:00:63:4C:D2,-55,127,2.5,5.0,1.5
1783327429032,2026-07-06 10:43:49.032,C3:00:00:63:4C:D2,-55,127,2.5,5.0,1.5
1783327429128,2026-07-06 10:43:49.128,C3:00:00:63:4C:D2,-56,127,2.5,5.0,1.5
1783327429224,2026-07-06 10:43:49.224,C3:00:00:63:4C:D2,-57,127,2.5,5.0,1.5
1783327429337,2026-07-06 10:43:49.337,C3:00:00:63:4C:D2,-59,127,2.5,5.0,1.5
1783327429435,2026-07-06 10:43:49.435,C3:00:00:63:4C:D2,-59,127,2.5,5.0,1.5
1783327429545,2026-07-06 10:43:49.545,C3:00:00:63:4C:D2,-58,127,2.5,5.0,1.5
1783327429747,2026-07-06 10:43:49.747,C3:00:00:63:4C:D2,-68,127,2.5,5.0,1.5
1783327429764,2026-07-06 10:43:49.764,C3:00:00:63:4C:D2,-57,127,2.5,5.0,1.5
1783327429864,2026-07-06 10:43:49.864,C3:00:00:63:4C:D2,-58,127,2.5,5.0,1.5
1783327429972,2026-07-06 10:43:49.972,C3:00:00:63:4C:D2,-60,127,2.5,5.0,1.5
1783327430078,2026-07-06 10:43:50.078,C3:00:00:63:4C:D2,-56,127,2.5,5.0,1.5
1783327430291,2026-07-06 10:43:50.291,C3:00:00:63:4C:D2,-63,127,2.5,5.0,1.5
1783327430388,2026-07-06 10:43:50.388,C3:00:00:63:4C:D2,-55,127,2.5,5.0,1.5
1783327430722,2026-07-06 10:43:50.722,C3:00:00:63:4C:D2,-57,127,2.5,5.0,1.5
1783327430819,2026-07-06 10:43:50.819,C3:00:00:63:4C:D2,-62,127,2.5,5.0,1.5
1783327430918,2026-07-06 10:43:50.918,C3:00:00:63:4C:D2,-61,127,2.5,5.0,1.5
1783327431011,2026-07-06 10:43:51.011,C3:00:00:63:4C:D2,-57,127,2.5,5.0,1.5
1783327431029,2026-07-06 10:43:51.029,C3:00:00:63:4C:D2,-57,127,2.5,5.0,1.5
1783327431134,2026-07-06 10:43:51.134,C3:00:00:63:4C:D2,-58,127,2.5,5.0,1.5
1783327431454,2026-07-06 10:43:51.454,C3:00:00:63:4C:D2,-59,127,2.5,5.0,1.5
1783327431667,2026-07-06 10:43:51.667,C3:00:00:63:4C:D2,-60,127,2.5,5.0,1.5
1783327431778,2026-07-06 10:43:51.778,C3:00:00:63:4C:D2,-62,127,2.5,5.0,1.5
1783327431875,2026-07-06 10:43:51.875,C3:00:00:63:4C:D2,-58,127,2.5,5.0,1.5
1783327431991,2026-07-06 10:43:51.991,C3:00:00:63:4C:D2,-58,127,2.5,5.0,1.5
1783327432091,2026-07-06 10:43:52.091,C3:00:00:63:4C:D2,-61,127,2.5,5.0,1.5
1783327432191,2026-07-06 10:43:52.191,C3:00:00:63:4C:D2,-55,127,2.5,5.0,1.5
1783327432300,2026-07-06 10:43:52.300,C3:00:00:63:4C:D2,-59,127,2.5,5.0,1.5
1783327432407,2026-07-06 10:43:52.407,C3:00:00:63:4C:D2,-60,127,2.5,5.0,1.5
1783327432509,2026-07-06 10:43:52.509,C3:00:00:63:4C:D2,-56,127,2.5,5.0,1.5
1783327432724,2026-07-06 10:43:52.724,C3:00:00:63:4C:D2,-60,127,2.5,5.0,1.5
1783327432834,2026-07-06 10:43:52.834,C3:00:00:63:4C:D2,-59,127,2.5,5.0,1.5
1783327433017,2026-07-06 10:43:53.017,C3:00:00:63:4C:D2,-59,127,2.5,5.0,1.5
1783327433042,2026-07-06 10:43:53.042,C3:00:00:63:4C:D2,-58,127,2.5,5.0,1.5
1783327433064,2026-07-06 10:43:53.064,C3:00:00:63:4C:D2,-59,127,2.5,5.0,1.5
1783327433153,2026-07-06 10:43:53.153,C3:00:00:63:4C:D2,-59,127,2.5,5.0,1.5
1783327433258,2026-07-06 10:43:53.258,C3:00:00:63:4C:D2,-59,127,2.5,5.0,1.5
1783327433360,2026-07-06 10:43:53.360,C3:00:00:63:4C:D2,-58,127,2.5,5.0,1.5
1783327433461,2026-07-06 10:43:53.461,C3:00:00:63:4C:D2,-60,127,2.5,5.0,1.5
1783327433572,2026-07-06 10:43:53.572,C3:00:00:63:4C:D2,-63,127,2.5,5.0,1.5
1783327433675,2026-07-06 10:43:53.675,C3:00:00:63:4C:D2,-58,127,2.5,5.0,1.5
1783327433894,2026-07-06 10:43:53.894,C3:00:00:63:4C:D2,-65,127,2.5,5.0,1.5
1783327434011,2026-07-06 10:43:54.011,C3:00:00:63:4C:D2,-56,127,2.5,5.0,1.5
1783327434038,2026-07-06 10:43:54.038,C3:00:00:63:4C:D2,-58,127,2.5,5.0,1.5
1783327434100,2026-07-06 10:43:54.100,C3:00:00:63:4C:D2,-58,127,2.5,5.0,1.5
1783327434315,2026-07-06 10:43:54.315,C3:00:00:63:4C:D2,-55,127,2.5,5.0,1.5
1783327434420,2026-07-06 10:43:54.420,C3:00:00:63:4C:D2,-60,127,2.5,5.0,1.5
1783327434528,2026-07-06 10:43:54.528,C3:00:00:63:4C:D2,-58,127,2.5,5.0,1.5
1783327434646,2026-07-06 10:43:54.646,C3:00:00:63:4C:D2,-58,127,2.5,5.0,1.5
1783327434850,2026-07-06 10:43:54.850,C3:00:00:63:4C:D2,-65,127,2.5,5.0,1.5
1783327435037,2026-07-06 10:43:55.037,C3:00:00:63:4C:D2,-63,127,2.5,5.0,1.5
1783327435057,2026-07-06 10:43:55.057,C3:00:00:63:4C:D2,-72,127,2.5,5.0,1.5
1783327435163,2026-07-06 10:43:55.163,C3:00:00:63:4C:D2,-60,127,2.5,5.0,1.5
1783327435272,2026-07-06 10:43:55.272,C3:00:00:63:4C:D2,-69,127,2.5,5.0,1.5
1783327435374,2026-07-06 10:43:55.374,C3:00:00:63:4C:D2,-60,127,2.5,5.0,1.5
1783327435475,2026-07-06 10:43:55.475,C3:00:00:63:4C:D2,-57,127,2.5,5.0,1.5
1783327435589,2026-07-06 10:43:55.589,C3:00:00:63:4C:D2,-62,127,2.5,5.0,1.5
1783327435695,2026-07-06 10:43:55.695,C3:00:00:63:4C:D2,-56,127,2.5,5.0,1.5
1783327435800,2026-07-06 10:43:55.800,C3:00:00:63:4C:D2,-55,127,2.5,5.0,1.5
1783327436018,2026-07-06 10:43:56.018,C3:00:00:63:4C:D2,-58,127,2.5,5.0,1.5
1783327436036,2026-07-06 10:43:56.036,C3:00:00:63:4C:D2,-59,127,2.5,5.0,1.5
1783327436114,2026-07-06 10:43:56.114,C3:00:00:63:4C:D2,-59,127,2.5,5.0,1.5
1783327436220,2026-07-06 10:43:56.220,C3:00:00:63:4C:D2,-58,127,2.5,5.0,1.5
1783327436333,2026-07-06 10:43:56.333,C3:00:00:63:4C:D2,-56,127,2.5,5.0,1.5
1783327436434,2026-07-06 10:43:56.434,C3:00:00:63:4C:D2,-58,127,2.5,5.0,1.5
1783327436542,2026-07-06 10:43:56.542,C3:00:00:63:4C:D2,-59,127,2.5,5.0,1.5
1783327436648,2026-07-06 10:43:56.648,C3:00:00:63:4C:D2,-55,127,2.5,5.0,1.5
1783327436750,2026-07-06 10:43:56.750,C3:00:00:63:4C:D2,-58,127,2.5,5.0,1.5
1783327437049,2026-07-06 10:43:57.049,C3:00:00:63:4C:D2,-57,127,2.5,5.0,1.5
1783327437099,2026-07-06 10:43:57.099,C3:00:00:63:4C:D2,-64,127,2.5,5.0,1.5
1783327437179,2026-07-06 10:43:57.179,C3:00:00:63:4C:D2,-59,127,2.5,5.0,1.5
1783327437286,2026-07-06 10:43:57.286,C3:00:00:63:4C:D2,-58,127,2.5,5.0,1.5
1783327437499,2026-07-06 10:43:57.499,C3:00:00:63:4C:D2,-58,127,2.5,5.0,1.5
1783327437599,2026-07-06 10:43:57.599,C3:00:00:63:4C:D2,-56,127,2.5,5.0,1.5
1783327437711,2026-07-06 10:43:57.711,C3:00:00:63:4C:D2,-60,127,2.5,5.0,1.5
1783327437817,2026-07-06 10:43:57.817,C3:00:00:63:4C:D2,-58,127,2.5,5.0,1.5
1783327437920,2026-07-06 10:43:57.920,C3:00:00:63:4C:D2,-55,127,2.5,5.0,1.5
1783327438030,2026-07-06 10:43:58.030,C3:00:00:63:4C:D2,-58,127,2.5,5.0,1.5
1783327438050,2026-07-06 10:43:58.050,C3:00:00:63:4C:D2,-58,127,2.5,5.0,1.5
1783327438342,2026-07-06 10:43:58.342,C3:00:00:63:4C:D2,-56,127,2.5,5.0,1.5
1783327438453,2026-07-06 10:43:58.453,C3:00:00:63:4C:D2,-57,127,2.5,5.0,1.5
1783327438558,2026-07-06 10:43:58.558,C3:00:00:63:4C:D2,-58,127,2.5,5.0,1.5
1783327438668,2026-07-06 10:43:58.668,C3:00:00:63:4C:D2,-58,127,2.5,5.0,1.5
1783327438878,2026-07-06 10:43:58.878,C3:00:00:63:4C:D2,-55,127,2.5,5.0,1.5
1783327438982,2026-07-06 10:43:58.982,C3:00:00:63:4C:D2,-55,127,2.5,5.0,1.5
1783327439058,2026-07-06 10:43:59.058,C3:00:00:63:4C:D2,-56,127,2.5,5.0,1.5
1783327439090,2026-07-06 10:43:59.090,C3:00:00:63:4C:D2,-56,127,2.5,5.0,1.5
1783327439197,2026-07-06 10:43:59.197,C3:00:00:63:4C:D2,-60,127,2.5,5.0,1.5
1783327439513,2026-07-06 10:43:59.513,C3:00:00:63:4C:D2,-58,127,2.5,5.0,1.5
1783327439938,2026-07-06 10:43:59.938,C3:00:00:63:4C:D2,-58,127,2.5,5.0,1.5
1783327440057,2026-07-06 10:44:00.057,C3:00:00:63:4C:D2,-59,127,2.5,5.0,1.5
1783327440150,2026-07-06 10:44:00.150,C3:00:00:63:4C:D2,-60,127,2.5,5.0,1.5
1783327440569,2026-07-06 10:44:00.569,C3:00:00:63:4C:D2,-57,127,2.5,5.0,1.5
1783327440674,2026-07-06 10:44:00.674,C3:00:00:63:4C:D2,-57,127,2.5,5.0,1.5
1783327441059,2026-07-06 10:44:01.059,C3:00:00:63:4C:D2,-60,127,2.5,5.0,1.5
1783327441218,2026-07-06 10:44:01.218,C3:00:00:63:4C:D2,-60,127,2.5,5.0,1.5
1783327441320,2026-07-06 10:44:01.320,C3:00:00:63:4C:D2,-58,127,2.5,5.0,1.5
1783327441526,2026-07-06 10:44:01.526,C3:00:00:63:4C:D2,-58,127,2.5,5.0,1.5
1783327441637,2026-07-06 10:44:01.637,C3:00:00:63:4C:D2,-60,127,2.5,5.0,1.5
1783327441736,2026-07-06 10:44:01.736,C3:00:00:63:4C:D2,-63,127,2.5,5.0,1.5
1783327441842,2026-07-06 10:44:01.842,C3:00:00:63:4C:D2,-56,127,2.5,5.0,1.5
1783327442053,2026-07-06 10:44:02.053,C3:00:00:63:4C:D2,-60,127,2.5,5.0,1.5
1783327442072,2026-07-06 10:44:02.072,C3:00:00:63:4C:D2,-58,127,2.5,5.0,1.5
1783327442374,2026-07-06 10:44:02.374,C3:00:00:63:4C:D2,-58,127,2.5,5.0,1.5
1783327442484,2026-07-06 10:44:02.484,C3:00:00:63:4C:D2,-61,127,2.5,5.0,1.5
1783327442584,2026-07-06 10:44:02.584,C3:00:00:63:4C:D2,-61,127,2.5,5.0,1.5
1783327442690,2026-07-06 10:44:02.690,C3:00:00:63:4C:D2,-58,127,2.5,5.0,1.5
1783327442801,2026-07-06 10:44:02.801,C3:00:00:63:4C:D2,-58,127,2.5,5.0,1.5
1783327442912,2026-07-06 10:44:02.912,C3:00:00:63:4C:D2,-61,127,2.5,5.0,1.5
1783327443013,2026-07-06 10:44:03.013,C3:00:00:63:4C:D2,-58,127,2.5,5.0,1.5
1783327443114,2026-07-06 10:44:03.114,C3:00:00:63:4C:D2,-58,127,2.5,5.0,1.5
1783327443223,2026-07-06 10:44:03.223,C3:00:00:63:4C:D2,-59,127,2.5,5.0,1.5
1783327443329,2026-07-06 10:44:03.329,C3:00:00:63:4C:D2,-56,127,2.5,5.0,1.5
1783327443537,2026-07-06 10:44:03.537,C3:00:00:63:4C:D2,-62,127,2.5,5.0,1.5
1783327443650,2026-07-06 10:44:03.650,C3:00:00:63:4C:D2,-58,127,2.5,5.0,1.5
1783327443747,2026-07-06 10:44:03.747,C3:00:00:63:4C:D2,-63,127,2.5,5.0,1.5
1783327443965,2026-07-06 10:44:03.965,C3:00:00:63:4C:D2,-64,127,2.5,5.0,1.5
1783327444068,2026-07-06 10:44:04.068,C3:00:00:63:4C:D2,-58,127,2.5,5.0,1.5
1783327444091,2026-07-06 10:44:04.091,C3:00:00:63:4C:D2,-58,127,2.5,5.0,1.5
1783327444279,2026-07-06 10:44:04.279,C3:00:00:63:4C:D2,-63,127,2.5,5.0,1.5
1783327444601,2026-07-06 10:44:04.601,C3:00:00:63:4C:D2,-61,127,2.5,5.0,1.5
1783327444709,2026-07-06 10:44:04.709,C3:00:00:63:4C:D2,-60,127,2.5,5.0,1.5
1783327444811,2026-07-06 10:44:04.811,C3:00:00:63:4C:D2,-57,127,2.5,5.0,1.5
1783327444916,2026-07-06 10:44:04.916,C3:00:00:63:4C:D2,-58,127,2.5,5.0,1.5
1783327445026,2026-07-06 10:44:05.026,C3:00:00:63:4C:D2,-60,127,2.5,5.0,1.5
1783327445060,2026-07-06 10:44:05.060,C3:00:00:63:4C:D2,-58,127,2.5,5.0,1.5
1783327445107,2026-07-06 10:44:05.107,C3:00:00:63:4C:D2,-58,127,2.5,5.0,1.5
1783327445131,2026-07-06 10:44:05.131,C3:00:00:63:4C:D2,-61,127,2.5,5.0,1.5
1783327445237,2026-07-06 10:44:05.237,C3:00:00:63:4C:D2,-55,127,2.5,5.0,1.5
1783327445346,2026-07-06 10:44:05.346,C3:00:00:63:4C:D2,-57,127,2.5,5.0,1.5
1783327445451,2026-07-06 10:44:05.451,C3:00:00:63:4C:D2,-56,127,2.5,5.0,1.5
1783327445661,2026-07-06 10:44:05.661,C3:00:00:63:4C:D2,-57,127,2.5,5.0,1.5
1783327445767,2026-07-06 10:44:05.767,C3:00:00:63:4C:D2,-69,127,2.5,5.0,1.5
1783327445877,2026-07-06 10:44:05.877,C3:00:00:63:4C:D2,-71,127,2.5,5.0,1.5
1783327446073,2026-07-06 10:44:06.073,C3:00:00:63:4C:D2,-69,127,2.5,5.0,1.5
1783327446086,2026-07-06 10:44:06.086,C3:00:00:63:4C:D2,-67,127,2.5,5.0,1.5
1783327446192,2026-07-06 10:44:06.192,C3:00:00:63:4C:D2,-60,127,2.5,5.0,1.5
1783327446299,2026-07-06 10:44:06.299,C3:00:00:63:4C:D2,-58,127,2.5,5.0,1.5
1783327446508,2026-07-06 10:44:06.508,C3:00:00:63:4C:D2,-56,127,2.5,5.0,1.5
1783327446618,2026-07-06 10:44:06.618,C3:00:00:63:4C:D2,-56,127,2.5,5.0,1.5
1783327446722,2026-07-06 10:44:06.722,C3:00:00:63:4C:D2,-59,127,2.5,5.0,1.5
1783327446935,2026-07-06 10:44:06.935,C3:00:00:63:4C:D2,-56,127,2.5,5.0,1.5
1783327447118,2026-07-06 10:44:07.118,C3:00:00:63:4C:D2,-68,127,2.5,5.0,1.5
1783327447148,2026-07-06 10:44:07.148,C3:00:00:63:4C:D2,-58,127,2.5,5.0,1.5
1783327447251,2026-07-06 10:44:07.251,C3:00:00:63:4C:D2,-56,127,2.5,5.0,1.5
1783327447360,2026-07-06 10:44:07.360,C3:00:00:63:4C:D2,-59,127,2.5,5.0,1.5
1783327447473,2026-07-06 10:44:07.473,C3:00:00:63:4C:D2,-58,127,2.5,5.0,1.5
1783327447567,2026-07-06 10:44:07.567,C3:00:00:63:4C:D2,-61,127,2.5,5.0,1.5
1783327447777,2026-07-06 10:44:07.777,C3:00:00:63:4C:D2,-57,127,2.5,5.0,1.5
1783327447897,2026-07-06 10:44:07.897,C3:00:00:63:4C:D2,-62,127,2.5,5.0,1.5
1783327448210,2026-07-06 10:44:08.210,C3:00:00:63:4C:D2,-61,127,2.5,5.0,1.5
1783327448310,2026-07-06 10:44:08.310,C3:00:00:63:4C:D2,-60,127,2.5,5.0,1.5
1783327448526,2026-07-06 10:44:08.526,C3:00:00:63:4C:D2,-59,127,2.5,5.0,1.5
1783327448733,2026-07-06 10:44:08.733,C3:00:00:63:4C:D2,-58,127,2.5,5.0,1.5
1783327448842,2026-07-06 10:44:08.842,C3:00:00:63:4C:D2,-56,127,2.5,5.0,1.5
1783327448945,2026-07-06 10:44:08.945,C3:00:00:63:4C:D2,-58,127,2.5,5.0,1.5
1783327449049,2026-07-06 10:44:09.049,C3:00:00:63:4C:D2,-58,127,2.5,5.0,1.5
1783327449072,2026-07-06 10:44:09.072,C3:00:00:63:4C:D2,-56,127,2.5,5.0,1.5
1783327449259,2026-07-06 10:44:09.259,C3:00:00:63:4C:D2,-56,127,2.5,5.0,1.5
1783327449371,2026-07-06 10:44:09.371,C3:00:00:63:4C:D2,-57,127,2.5,5.0,1.5
1783327449476,2026-07-06 10:44:09.476,C3:00:00:63:4C:D2,-57,127,2.5,5.0,1.5
1783327449583,2026-07-06 10:44:09.583,C3:00:00:63:4C:D2,-56,127,2.5,5.0,1.5
1783327449692,2026-07-06 10:44:09.692,C3:00:00:63:4C:D2,-57,127,2.5,5.0,1.5
1783327449825,2026-07-06 10:44:09.825,C3:00:00:63:4C:D2,-63,127,2.5,5.0,1.5
1783327450007,2026-07-06 10:44:10.007,C3:00:00:63:4C:D2,-60,127,2.5,5.0,1.5
1783327450082,2026-07-06 10:44:10.082,C3:00:00:63:4C:D2,-62,127,2.5,5.0,1.5
1783327450120,2026-07-06 10:44:10.120,C3:00:00:63:4C:D2,-62,127,2.5,5.0,1.5
1783327450213,2026-07-06 10:44:10.213,C3:00:00:63:4C:D2,-56,127,2.5,5.0,1.5
1783327450322,2026-07-06 10:44:10.322,C3:00:00:63:4C:D2,-59,127,2.5,5.0,1.5
1783327450430,2026-07-06 10:44:10.430,C3:00:00:63:4C:D2,-61,127,2.5,5.0,1.5
1783327450531,2026-07-06 10:44:10.531,C3:00:00:63:4C:D2,-56,127,2.5,5.0,1.5
1783327450642,2026-07-06 10:44:10.642,C3:00:00:63:4C:D2,-59,127,2.5,5.0,1.5
1783327450745,2026-07-06 10:44:10.745,C3:00:00:63:4C:D2,-58,127,2.5,5.0,1.5
1783327450965,2026-07-06 10:44:10.965,C3:00:00:63:4C:D2,-63,127,2.5,5.0,1.5
1783327451063,2026-07-06 10:44:11.063,C3:00:00:63:4C:D2,-55,127,2.5,5.0,1.5
1783327451149,2026-07-06 10:44:11.149,C3:00:00:63:4C:D2,-56,127,2.5,5.0,1.5
1783327451170,2026-07-06 10:44:11.170,C3:00:00:63:4C:D2,-58,127,2.5,5.0,1.5
1783327451492,2026-07-06 10:44:11.492,C3:00:00:63:4C:D2,-60,127,2.5,5.0,1.5
1783327451701,2026-07-06 10:44:11.701,C3:00:00:63:4C:D2,-55,127,2.5,5.0,1.5
1783327451813,2026-07-06 10:44:11.813,C3:00:00:63:4C:D2,-57,127,2.5,5.0,1.5
1783327452086,2026-07-06 10:44:12.086,C3:00:00:63:4C:D2,-58,127,2.5,5.0,1.5
1783327452351,2026-07-06 10:44:12.351,C3:00:00:63:4C:D2,-58,127,2.5,5.0,1.5
1783327452442,2026-07-06 10:44:12.442,C3:00:00:63:4C:D2,-58,127,2.5,5.0,1.5
1783327452656,2026-07-06 10:44:12.656,C3:00:00:63:4C:D2,-59,127,2.5,5.0,1.5
1783327452868,2026-07-06 10:44:12.868,C3:00:00:63:4C:D2,-56,127,2.5,5.0,1.5
1783327453080,2026-07-06 10:44:13.080,C3:00:00:63:4C:D2,-62,127,2.5,5.0,1.5
1783327453094,2026-07-06 10:44:13.094,C3:00:00:63:4C:D2,-61,127,2.5,5.0,1.5
1783327453192,2026-07-06 10:44:13.192,C3:00:00:63:4C:D2,-56,127,2.5,5.0,1.5
1783327453293,2026-07-06 10:44:13.293,C3:00:00:63:4C:D2,-58,127,2.5,5.0,1.5
1783327453396,2026-07-06 10:44:13.396,C3:00:00:63:4C:D2,-58,127,2.5,5.0,1.5
1783327453508,2026-07-06 10:44:13.508,C3:00:00:63:4C:D2,-56,127,2.5,5.0,1.5
1783327453611,2026-07-06 10:44:13.611,C3:00:00:63:4C:D2,-58,127,2.5,5.0,1.5
1783327453716,2026-07-06 10:44:13.716,C3:00:00:63:4C:D2,-62,127,2.5,5.0,1.5
1783327453831,2026-07-06 10:44:13.831,C3:00:00:63:4C:D2,-55,127,2.5,5.0,1.5
1783327453930,2026-07-06 10:44:13.930,C3:00:00:63:4C:D2,-57,127,2.5,5.0,1.5
1783327454034,2026-07-06 10:44:14.034,C3:00:00:63:4C:D2,-63,127,2.5,5.0,1.5
1783327454102,2026-07-06 10:44:14.102,C3:00:00:63:4C:D2,-56,127,2.5,5.0,1.5
1783327454141,2026-07-06 10:44:14.141,C3:00:00:63:4C:D2,-56,127,2.5,5.0,1.5
1783327454246,2026-07-06 10:44:14.246,C3:00:00:63:4C:D2,-58,127,2.5,5.0,1.5
1783327454355,2026-07-06 10:44:14.355,C3:00:00:63:4C:D2,-60,127,2.5,5.0,1.5
1783327454466,2026-07-06 10:44:14.466,C3:00:00:63:4C:D2,-58,127,2.5,5.0,1.5
1783327454568,2026-07-06 10:44:14.568,C3:00:00:63:4C:D2,-63,127,2.5,5.0,1.5
1783327454673,2026-07-06 10:44:14.673,C3:00:00:63:4C:D2,-59,127,2.5,5.0,1.5
1783327454779,2026-07-06 10:44:14.779,C3:00:00:63:4C:D2,-61,127,2.5,5.0,1.5
1783327454991,2026-07-06 10:44:14.991,C3:00:00:63:4C:D2,-59,127,2.5,5.0,1.5
1783327455189,2026-07-06 10:44:15.189,C3:00:00:63:4C:D2,-58,127,2.5,5.0,1.5
1783327455218,2026-07-06 10:44:15.218,C3:00:00:63:4C:D2,-59,127,2.5,5.0,1.5
1783327455310,2026-07-06 10:44:15.310,C3:00:00:63:4C:D2,-58,127,2.5,5.0,1.5
1783327455410,2026-07-06 10:44:15.410,C3:00:00:63:4C:D2,-62,127,2.5,5.0,1.5
1783327455625,2026-07-06 10:44:15.625,C3:00:00:63:4C:D2,-63,127,2.5,5.0,1.5
1783327455732,2026-07-06 10:44:15.732,C3:00:00:63:4C:D2,-56,127,2.5,5.0,1.5
1783327455840,2026-07-06 10:44:15.840,C3:00:00:63:4C:D2,-63,127,2.5,5.0,1.5
1783327455949,2026-07-06 10:44:15.949,C3:00:00:63:4C:D2,-62,127,2.5,5.0,1.5
1783327456103,2026-07-06 10:44:16.103,C3:00:00:63:4C:D2,-58,127,2.5,5.0,1.5
1783327456267,2026-07-06 10:44:16.267,C3:00:00:63:4C:D2,-66,127,2.5,5.0,1.5
1783327456370,2026-07-06 10:44:16.370,C3:00:00:63:4C:D2,-69,127,2.5,5.0,1.5
1783327457197,2026-07-06 10:44:17.197,C3:00:00:63:4C:D2,-62,127,2.5,5.0,1.5
1783327457216,2026-07-06 10:44:17.216,C3:00:00:63:4C:D2,-62,127,2.5,5.0,1.5
1783327457326,2026-07-06 10:44:17.326,C3:00:00:63:4C:D2,-58,127,2.5,5.0,1.5
1783327457430,2026-07-06 10:44:17.430,C3:00:00:63:4C:D2,-56,127,2.5,5.0,1.5
1783327457531,2026-07-06 10:44:17.531,C3:00:00:63:4C:D2,-57,127,2.5,5.0,1.5
1783327457749,2026-07-06 10:44:17.749,C3:00:00:63:4C:D2,-59,127,2.5,5.0,1.5
1783327457818,2026-07-06 10:44:17.818,C3:00:00:63:4C:D2,-67,127,2.5,5.0,1.5
1783327457955,2026-07-06 10:44:17.955,C3:00:00:63:4C:D2,-55,127,2.5,5.0,1.5
1783327458062,2026-07-06 10:44:18.062,C3:00:00:63:4C:D2,-60,127,2.5,5.0,1.5
1783327458113,2026-07-06 10:44:18.113,C3:00:00:63:4C:D2,-61,127,2.5,5.0,1.5
1783327458176,2026-07-06 10:44:18.176,C3:00:00:63:4C:D2,-60,127,2.5,5.0,1.5
1783327458380,2026-07-06 10:44:18.380,C3:00:00:63:4C:D2,-62,127,2.5,5.0,1.5
1783327459129,2026-07-06 10:44:19.129,C3:00:00:63:4C:D2,-60,127,2.5,5.0,1.5
1783327459206,2026-07-06 10:44:19.206,C3:00:00:63:4C:D2,-56,127,2.5,5.0,1.5
1783327459234,2026-07-06 10:44:19.234,C3:00:00:63:4C:D2,-56,127,2.5,5.0,1.5
1783327459331,2026-07-06 10:44:19.331,C3:00:00:63:4C:D2,-58,127,2.5,5.0,1.5
